,,BLoBS,0,1,2,3,4,5,6,7,8,9,,,,,,,,,,,,
"Custom (go to ""Big List o' Bonus Spells"" tab)",Custom 1,Use this area to input bonus spells granted by a newer archetype or class expansion that isn't part of the database below,,,,,,,,,,,,,,,,,,,,,,
"Custom (go to ""Big List o' Bonus Spells"" tab)",Custom 2,,,,,,,,,,,,,,,,,,,,,,,
"Custom (go to ""Big List o' Bonus Spells"" tab)",Custom 3,,,,,,,,,,,,,,,,,,,,,,,
"Custom (go to ""Big List o' Bonus Spells"" tab)",Custom 4,,,,,,,,,,,,,,,,,,,,,,,
,,,,,,,,,,,,,,,,,,,,,,,,
,"To edit any of the cells below, you will need to break the ImportRange function. To do this, hit Ctrl+A, Ctrl+C, then right-click cell A1 and ""Paste Special"" -> ""values only""",,,,,,,,,,,,,,,,,,,,,,,
,,,,,,,,,,,,,,,,,,,,,,,,
,,,0,1,2,3,4,5,6,7,8,9,,,,,,,,,,,,
,,,,,,,,,,,,,,,,,,,,,,,,
,,,,,,,,,,,,,,,,,,,,,,,,
Domain (Cleric),Air,,,Obscuring Mist,Wind Wall,Gaseous Form,Air Walk,Control Winds,Chain Lightning,Elemental Body IV (Air Only),Whirlwind,Elemental Swarm (Air Only),,,,,,,,,,,,
Domain (Cleric),Air (Cloud),,,Obscuring Mist,Wind Wall,Gaseous Form,Solid Fog,Control Winds,Chain Lightning,Elemental Body IV (Air Only),Whirlwind,Storm of Vengeance,,,,,,,,,,,,
Domain (Cleric),Air (Wind),,,Obscuring Mist,Wind Wall,Gaseous Form,Solid Fog,Control Winds,Wind Walk,Elemental Body IV (Air Only),Whirlwind,Storm of Vengeance,,,,,,,,,,,,
Domain (Cleric),Animal,,,Calm Animals,Wind Wall,Dominate Animal,Solid Fog,Control Winds,Chain Lightning,Animal Shapes,Whirlwind,Storm of Vengeance,,,,,,,,,,,,
Domain (Cleric),Animal (Feather),,,Calm Animals,Feather Fall,Fly,Summon Nature's Ally IV (Animal Only),Beast Shape III (Animal Only),"Fly, Mass",Animal Shapes,Summon Nature's Ally VIII (Animal Only),Shapechange,,,,,,,,,,,,
Domain (Cleric),Animal (Fur),,,Calm Animals,Hold Animal,Fly,Summon Nature's Ally IV (Animal Only),Beast Shape III (Animal Only),Antilife Shell,Animal Shapes,Summon Nature's Ally VIII (Animal Only),Shapechange,,,,,,,,,,,,
Domain (Cleric),Artifice,,,Animate Rope,Wood Shape,Fly,Summon Nature's Ally IV (Animal Only),Fabricate,Major Creation,Wall of Iron,Statue ,Shapechange,,,,,,,,,,,,
Domain (Cleric),Artifice (Construct),,,Animate Rope,Wood Shape,Stone Shape,Summon Nature's Ally IV (Animal Only),Fabricate,Major Creation,Limited Wish,Polymorph Any Object,Shapechange,,,,,,,,,,,,
Domain (Cleric),Artifice (Toil),,,Command,Wood Shape,Stone Shape,Minor Creation,Waves of Fatigue,Major Creation,Waves of Exhaustion,Polymorph Any Object,Prismatic Spere,,,,,,,,,,,,
Domain (Cleric),Artifice (Trap),,,Command,Snare,Improve Trap,Minor Creation,Fabricate,Major Creation,Teleport Trap,Polymorph Any Object,Prismatic Spere,,,,,,,,,,,,
Domain (Cleric),Chaos,,,Protection from Law,Align Weapon (Chaos Only),Magic Circle Against Law,Chaos Hammer,Dispel Law,Animate Objects,Word of Chaos,Cloak of Chaos,Summon Monster IX (Chaos Only),,,,,,,,,,,,
Domain (Cleric),Chaos (Azata),,,Expeditious Retreat,Align Weapon (Chaos Only),Fly,Chaos Hammer,Dispel Law,Planar Ally,Word of Chaos,Cloak of Chaos,Summon Monster IX (Chaos Only),,,,,,,,,,,,
Domain (Cleric),Chaos (Demodand),,,Protection from Law,Align Weapon (Chaos Only),Magic Circle Against Law,Chaos Hammer,Dispel Law,Corrosive Consumption,Word of Chaos,Cloak of Chaos,Summon Monster IX (Chaos Only),,,,,,,,,,,,
Domain (Cleric),Chaos (Demon),,,Doom,Align Weapon (Chaos Only),Rage,Planar Binding (Demons Only),Dispel Law,Animate Objects,Word of Chaos,Cloak of Chaos,Summon Monster IX (Chaos Only),,,,,,,,,,,,
Domain (Cleric),Chaos (Entropy),,,Entropic Shield,Align Weapon (Chaos Only),Dispel Magic,Chaos Hammer,Confusion,Animate Objects,Destruction,Cloak of Chaos,Summon Monster IX (Chaos Only),,,,,,,,,,,,
Domain (Cleric),Chaos (Protean),,,"Confusion, Lesser",Align Weapon (Chaos Only),Displacement,Planar Binding (Protean Only),Dispel Law,Animate Objects,Word of Chaos,Cloak of Chaos,Summon Monster IX (Chaos Only),,,,,,,,,,,,
Domain (Cleric),Chaos (Revelry),,,Protection from Law,Hideous Laughter,Good Hope,Chaos Hammer,Dispel Law,Hero's Feast,Word of Chaos,Irresistable Dance,Summon Monster IX (Chaos Only),,,,,,,,,,,,
Domain (Cleric),Chaos (Whimsy),,,Hideous Laughter,Aligh Weapon (Chaos Only),Magic Circle Against Law,Confusion,Dispel Law,Cloak of Dreams,Word of Chaos,Cloak of Chaos,Summon Monster IX (Chaos Only),,,,,,,,,,,,
Domain (Cleric),Charm,,,Charm Person,Calm Emotions,Suggestion,Heroism,Charm Monster,Geas/Quest,Insanity,Demand,Dominate Monster,,,,,,,,,,,,
Domain (Cleric),Charm (Love),,,Charm Person,Enthrall,Suggestion,Heroism,Charm Monster,Geas/Quest,Insanity,Euphoric Tranquility,Dominate Monster,,,,,,,,,,,,
Domain (Cleric),Charm (Lust),,,Touch of Idiocy,Calm Emotions,Suggestion,Confusion,Charm Monster,Geas/Quest,Insanity,Demand,Dominate Monster,,,,,,,,,,,,
Domain (Cleric),Community,,,Bless,Shield Other,Prayer,Imbue with Spell Ability,Telepathic Bond,Heroes' Feast,Refuge,"Cure Critical Wounds, Mass",Miracle,,,,,,,,,,,,
Domain (Cleric),Community (Cooperation),,,Borrow Skill,Share Language,Coordinated Effort,Imbue with Spell Ability,Telepathic Bond,Heroes' Feast,Refuge,"Cure Critical Wounds, Mass",Miracle,,,,,,,,,,,,
Domain (Cleric),Community (Family),,,Bless,Calm Emotions,Create Food and Water,Imbue with Spell Ability,Telepathic Bond,Heroes' Feast,Refuge,"Cure Critical Wounds, Mass",Miracle,,,,,,,,,,,,
Domain (Cleric),Community (Home),,,Alarm,Shield Other,Glyph of Warding,Imbue with Spell Ability,Telepathic Bond,Heroes' Feast,Guards and Wards,"Cure Critical Wounds, Mass",Miracle,,,,,,,,,,,,
Domain (Cleric),Darkness,,,Obscuring Mist,Blindness/Deafness (Blindness Only),Deeper Darkness,Shadow Conjuration,Summon Monster V (1D3 Shadows),Shadow Walk,Power Word Blind,"Shadow Evocation, Greater",Shades,,,,,,,,,,,,
Domain (Cleric),Darkness (Loss),,,Obscuring Mist,Blindness/Deafness (Blindness Only),Deeper Darkness,Shadow Conjuration,Enervation,Modify Memory,Power Word Blind,"Shadow Evocation, Greater",Energy Drain,,,,,,,,,,,,
Domain (Cleric),Darkness (Moon),,,Faerie Fire,Blindness/Deafness (Blindness Only),Deeper Darkness,Moonstruck,Summon Monster V (1D3 Shadows),Dream,Power Word Blind,"Shadow Evocation, Greater",Shades,,,,,,,,,,,,
Domain (Cleric),Darkness (Night),,,Sleep,Blindness/Deafness (Blindness Only),Deeper Darkness,Shadow Conjuration,Summon Monster V (1D3 Shadows),Nightmare,Power Word Blind,"Shadow Evocation, Greater",Shades,,,,,,,,,,,,
Domain (Cleric),Death,,,Cause Fear,Death Knell,Animate Dead,Death Ward,Slay Living,Create Undead,Destruction,Create Greater Undead,Wail of the Banshee,,,,,,,,,,,,
Domain (Cleric),Death (Murder),,,Cause Fear,Death Knell,Keen Edge,Death Ward,Suffocation,Create Undead,Destruction,Create Greater Undead,"Suffocation, Mass",,,,,,,,,,,,
Domain (Cleric),Death (Psychopomp),,,Cause Fear,Death Knell,Chain of Perdition,Death Ward,Slay Living,Planar Ally (Psychopomps Only),,Trap the Soul,Wail of the Banshee,,,,,,,,,,,,
Domain (Cleric),Death (Undead),,,Cause Fear,Ghoul Touch,Animate Dead,Enervation,Slay Living,Create Undead,Destruction,Create Greater Undead,Energy Drain,,,,,,,,,,,,
Domain (Cleric),Destruction,,,True Strike,Shatter,Rage,Inflict Critical Wounds,Shout,Harm,Disintegrate,Earthquake,Implosion,,,,,,,,,,,,
Domain (Cleric),Destruction (Catastrophe),,,True Strike,Control Weather,Call Lightning,Inflict Critical Wounds,Shout,Harm,Control Weather,Earthquake,Implosion,,,,,,,,,,,,
Domain (Cleric),Destruction (Hatred),,,Murderous Command,Wrathful Mantle,Rage,Inflict Critical Wounds,Shout,Harm,Disintegrate,Earthquake,Implosion,,,,,,,,,,,,
Domain (Cleric),Destruction (Rage),,,True Strike,Bull's Strength,Rage,Inflict Critical Wounds,Shout,Moonstruck,Disintegrate,Earthquake,Implosion,,,,,,,,,,,,
Domain (Cleric),Destruction (Torture),,,True Strike,Pain Strike,Rage,Inflict Critical Wounds,Symbol of Pain,Harm,Disintegrate,Demand,Implosion,,,,,,,,,,,,
Domain (Cleric),Earth,,,Magic Stone,Soften Earth and Stone,Stone Shape,Spike Stones,Wall of Stone,Stoneskin,Elemental Body IV (Earth Only),Earthquake,Elemental Swarm (Earth Only),,,,,,,,,,,,
Domain (Cleric),Earth (Caves),,,Magic Stone,Create Pit,Spiked Pit,Spike Stones,Wall of Stone,Hungry Pit,Elemental Body IV (Earth Only),Earthquake,Elemental Swarm (Earth Only),,,,,,,,,,,,
Domain (Cleric),Earth (Metal),,,Magic Stone,Heat Metal,Stone Shape,Spike Stones,Wall of Stone,Wall of Iron,Elemental Body IV (Earth Only),Iron Body,Elemental Swarm (Earth Only),,,,,,,,,,,,
Domain (Cleric),Earth (Radiation),,,Magic Stone,Defoliate,Stone Shape,Blight,Wall of Stone,Stoneskin,Elemental Body IV (Earth Only),Horrid Wilting,Elemental Swarm (Earth Only),,,,,,,,,,,,
Domain (Cleric),Evil,,,Protection from Good,Align Weapon (Evil Only),Magic Circle Against Good,Unholy Blight,Dispel Good,Create Undead,Blasphemy,Unholy Aura,Summon Monster IX (Evil Only),,,,,,,,,,,,
Domain (Cleric),Evil (Cannibalism),,,Magic Fang,Enemy's Heart,"Magic Fang, Greater",Unholy Blight,Dispel Good,Create Undead,Blasphemy,Unholy Aura,Summon Monster IX (Evil Only),,,,,,,,,,,,
Domain (Cleric),Evil (Corruption),,,Protection from Good,Suggestion,Magic Circle Against Good,Unholy Blight,Dispel Good,"Bestow Curse, Greater",Blasphemy,Unholy Aura,Summon Monster IX (Evil Only),,,,,,,,,,,,
Domain (Cleric),Evil (Daemon),,,Cause Fear,Align Weapon (Evil Only),Vampiric Touch,Unholy Blight,Dispel Good,Planar Binding (Daemon Only),Blasphemy,Unholy Aura,Summon Monster IX (Evil Only),,,,,,,,,,,,
Domain (Cleric),Evil (Demodand),,,Protection from Good,Align Weapon (Evil Only),Magic Circle Against Good,Unholy Blight,Dispel Good,Corrosive Consumption,Blasphemy,Unholy Aura,Summon Monster IX (Evil Only),,,,,,,,,,,,
Domain (Cleric),Evil (Demon),,,Doom,Align Weapon (Evil Only),Rage,Unholy Blight,Dispel Good,Planar Binding (Demons Only),Blasphemy,Unholy Aura,Summon Monster IX (Evil Only),,,,,,,,,,,,
Domain (Cleric),Evil (Devil),,,Command,Align Weapon (Evil Only),Suggestion,Unholy Blight,Dispel Good,Planar Binding (Devils Only),Blasphemy,Unholy Aura,Summon Monster IX (Evil Only),,,,,,,,,,,,
Domain (Cleric),Evil (Fear),,,Cause Fear,Align Weapon (Evil Only),Scare,Fear,Dispel Good,Create Undead,Blasphemy,Unholy Aura,Summon Monster IX (Evil Only),,,,,,,,,,,,
Domain (Cleric),Evil (Kyton),,,Delay Pain,Instrument of Agony,Agonize,Symbol of Pain,Dispel Good,Create Undead,Blasphemy,Unholy Aura,Summon Monster IX (Evil Only),,,,,,,,,,,,
Domain (Cleric),Fire,,,Burning Hands,Produce Flame,Fireball,Wall of Fire,Fire Shield,Fire Seeds,Elemental Body IV (Fire Only),Incendiary Cloud,Elemental Swarm (Fire Only),,,,,,,,,,,,
Domain (Cleric),Fire (Arson),,,Burning Hands,Flaming Sphere,Fireball,Wall of Fire,Flame Strike,Fire Seeds,Delayed Blast Fireball,Incendiary Cloud,Elemental Swarm (Fire Only),,,,,,,,,,,,
Domain (Cleric),Fire (Ash),,,Burning Hands,Produce Flame,Fireball,Wall of Fire,Fire Shield,Fire Seeds,Disintigrate,Incendiary Cloud,Fiery Body,,,,,,,,,,,,
Domain (Cleric),Fire (Smoke),,,Burning Hands,Pyrotechnics,Stinking Cloud,Wall of Fire,Fire Shield,Fire Seeds,Elemental Body IV (Fire Only),Incendiary Cloud,Elemental Swarm (Fire Only),,,,,,,,,,,,
Domain (Cleric),Glory,,,Shield of Faith,Bless Weapon,Searing Light,Holy Smite,Righteous Might,Undeath To Death,Holy Sword,Holy Aura,Gate,,,,,,,,,,,,
Domain (Cleric),Glory (Heroism),,,Shield of Faith,Bless Weapon,Heroism,Holy Smite,Righteous Might,"Heroism, Greater",Holy Sword,Holy Aura,Gate,,,,,,,,,,,,
Domain (Cleric),Glory (Honor),,,Shield of Faith,Zone of Truth,Searing Light,Holy Smite,Righteous Might,Geas/Quest,Holy Sword,Holy Aura,Gate,,,,,,,,,,,,
Domain (Cleric),Good,,,Protection from Evil,Align Weapon (Good Only),Magic Circle Against Evil,Holy Smite,Dispel Evil,Blade Barrier,Holy Word,Holy Aura,Summon Monster IX (Good Only),,,,,,,,,,,,
Domain (Cleric),Good (Agathion),,,Shield of Faith,Align Weapon (Good Only),Tongues,Holy Smite,Dispel Evil,Planar Ally (Agathions Only),Holy Word,Holy Aura,Summon Monster IX (Good Only),,,,,,,,,,,,
Domain (Cleric),Good (Archon),,,Divine Favor,Align Weapon (Good Only),Prayer,Holy Smite,Dispel Evil,Planar Ally (Archons Only),Holy Word,Holy Aura,Summon Monster IX (Good Only),,,,,,,,,,,,
Domain (Cleric),Good (Azata),,,Expeditios Retreat,Align Weapon (Good Only),Fly,Holy Smite,Dispel Evil,Planar Ally (Azata Only),Holy Word,Holy Aura,Summon Monster IX (Good Only),,,,,,,,,,,,
Domain (Cleric),Good (Friendship),,,Protection from Evil,Shield Other,Magic Circle Against Evil,Holy Smite,Telepathic Bond,Blade Barrier,Holy Word,Holy Aura,Summon Monster IX (Good Only),,,,,,,,,,,,
Domain (Cleric),Good (Redemption),,,Protection from Evil,Qualm,Magic Circle Against Evil,Forced Repentance,Atonement,Blade Barrier,Holy Word,Holy Aura,Summon Monster IX (Good Only),,,,,,,,,,,,
Domain (Cleric),Healing,,,Cure Light Wounds,Cure Moderate Wounds,Cure Serious Wounds,Cure Critical Wounds,Breath of Life,Heal,Regenerate,"Cure Critical Wounds, Mass","Heal, Mass",,,,,,,,,,,,
Domain (Cleric),Healing (Restoration),,,Cure Light Wounds,Remove Disease,Cure Serious Wounds,Neutralize Poison,Break Enchantment,Heal,Regenerate,"Cure Critical Wounds, Mass","Heal, Mass",,,,,,,,,,,,
Domain (Cleric),Healing (Resurrection),,,Cure Light Wounds,Cure Moderate Wounds,Cure Serious Wounds,Cure Critical Wounds,Raise Dead,Heal,Resurrection,"Cure Critical Wounds, Mass",True Resurrection,,,,,,,,,,,,
Domain (Cleric),Knowledge,,,Comprehend Languages,Detect Thoughts,Speak with Dead,Divination,True Seeing,Find the Path,Legend Lore,Discern Location,Foresight,,,,,,,,,,,,
Domain (Cleric),Knowledge (Aeon),,,Sanctuary,Detect Thoughts,Speak with Dead,Divination,Telepathic Bond,Planar Binding (Aeons Only),Legend Lore,Discern Location,Foresight,,,,,,,,,,,,
Domain (Cleric),Knowledge (Memory),,,Comprehend Languages,Memory Lapse,Speak with Dead,Divination,True Seeing,Modify Memory,Legend Lore,Moment of Prescience,Foresight,,,,,,,,,,,,
Domain (Cleric),Knowledge (Thought),,,Comprehend Languages,Detect Thoughts,Seek Thoughts,Divination,Telepathic Bond,Find the Path,Legend Lore,Mind Blank,Foresight,,,,,,,,,,,,
Domain (Cleric),Law,,,Protection from Chaos,Align Weapon (Law Only),Magic Circle Against Chaos,Order's Wrath,Dispel Chaos,Hold Monster,Dictum,Shield of Law,Summon Monster IX (Law Only),,,,,,,,,,,,
Domain (Cleric),Law (Archon),,,Divine Favor,Align Weapon (Law Only),Prayer,Order's Wrath,Dispel Chaos,Planar Ally (Archons Only),Dictum,Shield of Law,Summon Monster IX (Law Only),,,,,,,,,,,,
Domain (Cleric),Law (Devil),,,Command,Align Weapon (Law Only),Suggestion,Order's Wrath,Dispel Chaos,Planar Binding (Devils Only),Dictum,Shield of Law,Summon Monster IX (Law Only),,,,,,,,,,,,
Domain (Cleric),Law (Inevitable),,,Protection from Chaos,Align Weapon (Law Only),Command Undead,Order's Wrath,"Command, Greater",Planar Binding (Inevitables Only),Dictum,Shield of Law,Summon Monster IX (Law Only),,,,,,,,,,,,
Domain (Cleric),Law (Judgment),,,Protection from Chaos,Castigate,Magic Circle Against Chaos,Rebuke,Mark of Justice,Hold Monster,Dictum,Shield of Law,Summon Monster IX (Law Only),,,,,,,,,,,,
Domain (Cleric),Law (Kyton),,,Delay Pain,Instrument of Agony,Agonize,Order's Wrath,Symbol of Pain,Hold Monster,Dictum,Shield of Law,Summon Monster IX (Law Only),,,,,,,,,,,,
Domain (Cleric),Law (Loyalty),,,Remove Fear,Align Weapon (Law Only),Magic Circle Against Chaos,Order's Wrath,"Command, Greater",Hold Monster,Dictum,Shield of Law,Summon Monster IX (Law Only),,,,,,,,,,,,
Domain (Cleric),Law (Slavery),,,Charm Person,Align Weapon (Law Only),Magic Circle Against Chaos,Order's Wrath,Dominate Person,Hold Monster,Dictum,Binding,Summon Monster IX (Law Only),,,,,,,,,,,,
Domain (Cleric),Law (Tyranny),,,Command,Align Weapon (Law Only),Bestow Curse,Order's Wrath,Dispel Chaos,Hold Monster,Symbol of Persuasion,Shield of Law,Summon Monster IX (Law Only),,,,,,,,,,,,
Domain (Cleric),Liberation,,,Remove Fear,Remove Paralysis,Remove Curse,Freedom of Movement,Break Enchantment,"Dispel Magic, Greater",Refuge,Mind Blank,Freedom,,,,,,,,,,,,
Domain (Cleric),Liberation (Freedom),,,Sanctuary,Remove Paralysis,Remove Curse,Freedom of Movement,Plane Shift,"Dispel Magic, Greater",Refuge,Mind Blank,Freedom,,,,,,,,,,,,
Domain (Cleric),Liberation (Revolution),,,Remove Fear,Enthrall,Remove Curse,Freedom of Movement,Break Enchantment,Symbol of Persuasion,Refuge,Mind Blank,Freedom,,,,,,,,,,,,
Domain (Cleric),Luck,,,True Strike,Aid,Protection from Energy,Freedom of Movement,Break Enchantment,Mislead,Spell Turning,Moment of Prescience,Miracle,,,,,,,,,,,,
Domain (Cleric),Luck (Curse),,,Bane,Aid,Bestow Curse,Freedom of Movement,Break Enchantment,Eyebite,Spell Turning,Moment of Prescience,Miracle,,,,,,,,,,,,
Domain (Cleric),Luck (Fate),,,True Strike,Augury,Borrow Fortune,Freedom of Movement,Break Enchantment,Mislead,Spell Turning,Moment of Prescience,Miracle,,,,,,,,,,,,
Domain (Cleric),Luck (Imagination),,,Silent Image,Minor Image,Major Image,Freedom of Movement,Dream,Mislead,Spell Turning,Moment of Prescience,Miracle,,,,,,,,,,,,
Domain (Cleric),Madness,,,"Confusion, Lesser",Touch of Idiocy,Rage,Confusion,Nightmare,Phantasmal Killer,Insanity,Scintillating Pattern,Weird,,,,,,,,,,,,
Domain (Cleric),Madness (Insanity),,,"Confusion, Lesser",Touch of Idiocy,Rage,Moonstruck,Nightmare,Phantasmal Web,Insanity,Scintillating Pattern,Weird,,,,,,,,,,,,
Domain (Cleric),Madness (Nightmare),,,"Confusion, Lesser",Touch of Idiocy,Rage,Phantasmal Killer,Nightmare,Cloak of Dreams,Insanity,Scintillating Pattern,Weird,,,,,,,,,,,,
Domain (Cleric),Magic,,,Identify,Magic Mouth,Dispel Magic,Imbue with Spell Ability,Spell Resistance,Antimagic Field,Spell Turning,Protection from Spells,Mage's Disjunction,,,,,,,,,,,,
Domain (Cleric),Magic (Arcane),,,Magic Aura,Magic Mouth,Dispel Magic,Arcane Eye,Spell Resistance,Analyze Dweomer,Spell Turning,Protection from Spells,Mage's Disjunction,,,,,,,,,,,,
Domain (Cleric),Magic (Divine),,,Identify,Bless Water,Dispel Magic,Imbue with Spell Ability,Cleanse,Antimagic Field,Resurrection,Protection from Spells,Miracle,,,,,,,,,,,,
Domain (Cleric),Nobility,,,Divine Favor,Enthrall,Magic Vestment,Discern Lies,"Command, Greater",Geas/Quest,Repulsion,Demand,Storm of Vengeance,,,,,,,,,,,,
Domain (Cleric),Nobility (Aristocracy),,,Divine Favor,Enthrall,Enter Image,Discern Lies,"Command, Greater",Geas/Quest,Repulsion,Demand,Overwhelming Presence,,,,,,,,,,,,
Domain (Cleric),Nobility (Leadership),,,Bless,Enthrall,Prayer,Discern Lies,"Command, Greater",Brilliant Inspiration,Repulsion,Demand,Storm of Vengeance,,,,,,,,,,,,
Domain (Cleric),Nobility (Martyr),,,Divine Favor,Shield Other,Magic Vestment,Discern Lies,"Command, Greater",Sacrificial Oath,Repulsion,Demand,Storm of Vengeance,,,,,,,,,,,,
Domain (Cleric),Plant,,,Entangle,Barkskin,Plant Growth,Command Plants,Wall of Thorns,Repel Wood,Animate Plants,Control Plants,Shambler,,,,,,,,,,,,
Domain (Cleric),Plant (Decay),,,Entangle,Barkskin,Contagion,Poison,Wall of Thorns,Harm,Animate Plants,Control Plants,Shambler,,,,,,,,,,,,
Domain (Cleric),Plant (Growth),,,Enlarge Person,Barkskin,Plant Growth,Command Plants,Righteous Might,Repel Wood,Animate Plants,Control Plants,Shambler,,,,,,,,,,,,
Domain (Cleric),Protection,,,Sanctuary,Shield Other,Protection from Energy,Spell Immunity,Spell Resistance,Antimagic Field,Repulsion,Mind Blank,Prismatic Sphere,,,,,,,,,,,,
Domain (Cleric),Protection (Defense),,,Shield,Barkskin,Protection from Energy,Spell Immunity,Spell Resistance,Antimagic Field,Deflection,Mind Blank,Prismatic Sphere,,,,,,,,,,,,
Domain (Cleric),Protection (Purity) pt1,,,Protection from Chaos,Shield Other,Remove Blindness/Deafness,Spell Immunity,Atonement,Antimagic Field,Repulsion,Mind Blank,Prismatic Sphere,,,,,,,,,,,,
Domain (Cleric),Protection (Purity) pt2,,,Protection from Evil,,,,,,,,,,,,,,,,,,,,
Domain (Cleric),Protection (Purity) pt3,,,Protection from Good,,,,,,,,,,,,,,,,,,,,
Domain (Cleric),Protection (Purity) pt4,,,Protection from Law,,,,,,,,,,,,,,,,,,,,
Domain (Cleric),Protection (Solitude),,,Sanctuary,Silence,Protection from Energy,Detect Scrying,Mirage Arcana,Antimagic Field,Repulsion,Mind Blank,"Create Demiplane, Greater",,,,,,,,,,,,
Domain (Cleric),Repose,,,Deathwatch,Gentle Repose,Speak with Dead,Death Ward,Slay Living,Undeath To Death,Destruction,Waves of Exhaustion,Wail of the Banshee,,,,,,,,,,,,
Domain (Cleric),Repose (Ancestors),,,Deathwatch,Gentle Repose,Speak with Dead,Rest Eternal,Slay Living,Geas/Quest,Destruction,Waves of Exhaustion,Wail of the Banshee,,,,,,,,,,,,
Domain (Cleric),Repose (Psychopomp),,,Deathwatch,Gentle Repose,Chain of Perdition,Death Ward,Slay Living,Planar Ally (Psychopomps Only),Destruction,Trap the Soul,Wail of the Banshee,,,,,,,,,,,,
Domain (Cleric),Repose (Souls),,,Deathwatch,Gentle Repose,Animate Dead,Death Ward,Slay Living,Antilife Shell,Destruction,Waves of Exhaustion,Trap the Soul,,,,,,,,,,,,
Domain (Cleric),Ruins,,,Magic Stone,Stone Call,Meld Into Stone,Rusting Grasp,Commune with Nature,Stone Tell,Statue,Earthquake,Clashing Rocks,,,,,,,,,,,,
Domain (Cleric),Rune,,,Erase,Secret Page,Glyph of Warding,Explosive Runes,"Planar Binding, Lesser","Glyph of Warding, Greater",Instant Summons,Symbol of Death,Teleportation Circle,,,,,,,,,,,,
Domain (Cleric),Rune (Language),,,Comprehend Languages,Share Language,Tongues,Explosive Runes,Telepathic Bond,"Glyph of Warding, Greater",Instant Summons,Symbol of Death,Teleportation Circle,,,,,,,,,,,,
Domain (Cleric),Rune (Wards),,,Arcane Lock,Secret Page,Glyph of Warding,Dimensional Anchor,"Planar Binding, Lesser",Guards and Wards,Instant Summons,Symbol of Death,Teleportation Circle,,,,,,,,,,,,
Domain (Cleric),Scalykind,,,Magic Fang,Animal Trance,"Magic Fang, Greater",Poison,Animal Growth (Snakes Only),Eyebite,Creeping Doom (Snakes),Animal Shapes,Shapechange,,,,,,,,,,,,
Domain (Cleric),Scalykind (Dragon),,,Magic Fang,Animal Trance,Draconic Reservoir,Dragon's Breath,Animal Growth (Snakes Only),Form of the Dragon I,Creeping Doom (Snakes),Animal Shapes,Shapechange,,,,,,,,,,,,
Domain (Cleric),Scalykind (Saurian),,,Magic Fang,Animal Trance,"Magic Fang, Greater",Summon Nature's Ally IV (Dinosaur Only),Beast Shape III,Eyebite,Summon Nature's Ally VII (Dinosaur Only),Animal Shapes,Shapechange,,,,,,,,,,,,
Domain (Cleric),Scalykind (Venom),,,Magic Fang,Pernicious Poison,"Magic Fang, Greater",Poison,Animal Growth (Snakes Only),Cloudkill,Creeping Doom (Snakes),Animal Shapes,Shapechange,,,,,,,,,,,,
Domain (Cleric),Strength,,,Enlarge Person,Bull's Strength,Magic Vestment,Spell Immunity,Righteous Might,Stoneskin,Grasping Hand,Clenched Fist,Crushing Hand,,,,,,,,,,,,
Domain (Cleric),Strength (Ferocity),,,Enlarge Person,Bull's Strength,Rage,Spell Immunity,Righteous Might,"Bull's Strength, Mass",Grasping Hand,Clenched Fist,Crushing Hand,,,,,,,,,,,,
Domain (Cleric),Strength (Fist),,,True Strike,Bull's Strength,"Magic Fang, Greater",Force Punch,Righteous Might,Stoneskin,Grasping Hand,Clenched Fist,Crushing Hand,,,,,,,,,,,,
Domain (Cleric),Strength (Resolve),,,Bless,Bull's Strength,Magic Vestment,Spell Immunity,Righteous Might,Heroes' Feast,Grasping Hand,Clenched Fist,Crushing Hand,,,,,,,,,,,,
Domain (Cleric),Sun,,,Endure Elements,Heat Metal,Searing Light,Fire Shield,Flame Strike,Fire Seeds,Sunbeam,Sunburst,Prismatic Sphere,,,,,,,,,,,,
Domain (Cleric),Sun (Day),,,Endure Elements,Continual Flame,Daylight,Spell Immunity,Flame Strike,Fire Seeds,Sunbeam,Sunburst,Prismatic Sphere,,,,,,,,,,,,
Domain (Cleric),Sun (Light),,,Faerie Fire,Heat Metal,Daylight,Fire Shield,Flame Strike,Fire Seeds,Sunbeam,Sunburst,Prismatic Sphere,,,,,,,,,,,,
Domain (Cleric),Sun (Revelation),,,Detect Secret Doors,See Invisibility,Banish Seeming,Fire Shield,True Seeing,Fire Seeds,Sunbeam,Sunburst,Prismatic Sphere,,,,,,,,,,,,
Domain (Cleric),Travel,,,Longstrider,Locate Object,Fly,Dimension Door,Teleport,Find the Path,"Teleport, Greater",Phase Door,Astral Projection,,,,,,,,,,,,
Domain (Cleric),Travel (Exploration),,,Expeditious Retreat,Locate Object,Fly,Locate Creature,Teleport,Find the Path,"Teleport, Greater",Phase Door,World Wave,,,,,,,,,,,,
Domain (Cleric),Travel (Trade),,,Floating Disk,Locate Object,Fly,Dimension Door,Overland Flight,Find the Path,"Teleport, Greater",Phase Door,Gate,,,,,,,,,,,,
Domain (Cleric),Trickery,,,Disguise Self,Invisibility,Nondetection,Confusion,False Vision,Mislead,Screen,"Invisibility, Mass",Time Stop,,,,,,,,,,,,
Domain (Cleric),Trickery (Ambush),,,Alarm,Invisibility,Nondetection,Confusion,Illusory Wall,Veil,Screen,"Invisibility, Mass",Time Stop,,,,,,,,,,,,
Domain (Cleric),Trickery (Deception),,,Alarm,Mirror Image,Nondetection,Confusion,False Vision,Msilead,Project Image,"Invisibility, Mass",Time Stop,,,,,,,,,,,,
Domain (Cleric),Trickery (Greed),,,Alarm,Masterwork Transformation,Nondetection,Confusion,False Vision,Guards and Wards,Create Demiplane,"Invisibility, Mass",Time Stop,,,,,,,,,,,,
Domain (Cleric),Trickery (Innuendo),,,Sow Thougth,Mirror Image,Suggestion,Confusion,False Vision,"Suggestion, Mass",Screen,"Invisibility, Mass",Time Stop,,,,,,,,,,,,
Domain (Cleric),Trickery (Thievery),,,Alarm,Invisibility,Locate Object,Confusion,False Vision,Guards and Wards,Ethereal Jaunt,"Invisibility, Mass",Time Stop,,,,,,,,,,,,
Domain (Cleric),Vermin,,,Jump,Vomit Swarm,Darkvision,Insect Plague,"Swarm Skin (Spider, Crab, Centipede, and Army Ant Swarms Only)",Whip of Ants,Creeping Doom,"Fly, Mass",Mind Blank,,,,,,,,,,,,
Domain (Cleric),Void,,,Feather Fall,Levitate,Fly,"Planar Binding, Lesser",Overland Flight,Planar Binding,Reverse Gravity,"Planar Binding, Greater",Interplanetary Teleport,,,,,,,,,,,,
Domain (Cleric),Void (Dark Tapestry),,,Feather Fall,Summon Monster II,Darkvision,"Planar Binding, Lesser",Summon Monster V,Planar Binding,Creeping Doom,"Planar Binding, Greater",Interplanetary Teleport,,,,,,,,,,,,
Domain (Cleric),Void (Isolation),,,Feather Fall,Levitate,Fly,Crushing Despair,Overland Flight,Wall of Force,Prismatic Wall,"Planar Binding, Greater",Interplanetary Teleport,,,,,,,,,,,,
Domain (Cleric),Void (Stars),,,Feather Fall,Hypnotic Pattern,Fly,"Planar Binding, Lesser",Summon Monster V,Planar Binding,Sunbeam,"Planar Binding, Greater",Meteor Swarm,,,,,,,,,,,,
Domain (Cleric),War,,,Magic Weapon,Spiritual Weapon,Magic Vestment,Divine Power,Flame Strike,Blade Barrier,Power Word Blind,Power Word Stun,Power Word Kill,,,,,,,,,,,,
Domain (Cleric),War (Blood),,,Magic Weapon,Spiritual Weapon,Vampiric Touch,Divine Power,Wall of Thons,Blade Barrier,"Inflict Serious Wounds, Mass",Power Word Stun,Power Word Kill,,,,,,,,,,,,
Domain (Cleric),War (Tactics),,,Magic Weapon,Aid,Magic Vestment,Divine Power,"Command, Greater",Blade Barrier,Power Word Blind,"Plannar Ally, Greater",Power Word Kill,,,,,,,,,,,,
Domain (Cleric),Water,,,Obscuring Mist,Fog Cloud,Water Breathing,Control Water,Ice Storm,Cone of Cold,Elemental Body IV (Water Only),Horrid Wilting,Elemental Swarm (Water Only),,,,,,,,,,,,
Domain (Cleric),Water (Flotsam),,,Obscuring Mist,Make Whole,Water Breathing,Control Water,Major Creation,Animate Objects,Elemental Body IV (Water Only),Horrid Wilting,Elemental Swarm (Water Only),,,,,,,,,,,,
Domain (Cleric),Water (Flowing),,,Obscuring Mist,Cat's Grace,Water Breathing,Freedom of Movement,Ice Storm,Fluid Form,Elemental Body IV (Water Only),Mind Blank,Elemental Swarm (Water Only),,,,,,,,,,,,
Domain (Cleric),Water (Ice),,,Obscuring Mist,Fog Cloud,Water Breathing,Control Water,Ice Storm,Cone of Cold,Freezing Sphere,Horrid Wilting,Polar Ray,,,,,,,,,,,,
Domain (Cleric),Water (Oceans),,,Obscuring Mist,Slipstream,Water Walk,Control Water,Ice Storm,Cone of Cold,Elemental Body IV (Water Only),Horrid Wilting,Tsunami,,,,,,,,,,,,
Domain (Cleric),Water (Rivers),,,Hydraulic Push,Slipstream,Water Breathing,Control Water,Elemental Body II,Fluid Form,Elemental Body IV (Water Only),Horrid Wilting,Elemental Swarm (Water Only),,,,,,,,,,,,
Domain (Cleric),Weather,,,Obscuring Mist,Fog Cloud,Call Lightning,Sleet Storm,Ice Storm,Control Winds,Control Weather,Whirlwind,Storm of Vengeance,,,,,,,,,,,,
Domain (Cleric),Weather (Seasons),,,Goodberry,Fog Cloud,Call Lightning,Blight,Ice Storm,Control Winds,Control Weather,Sunburst,Storm of Vengeance,,,,,,,,,,,,
Domain (Cleric),Weather (Storms),,,Obscuring Mist,Fog Cloud,Call Lightning,Sleet Storm,Call Lightning Storm,Sirocco,Control Weather,Whirlwind,Storm of Vengeance,,,,,,,,,,,,
,,,,,,,,,,,,,,,,,,,,,,,,
,,,,,,,,,,,,,,,,,,,,,,,,
Animal and Terrain Domain (Druid),Aquatic,,,Hydraulic Push,Slipstream,Water Breathing,Freedom of Movement,Black Tentacles,Freezing Sphere,Animal Shapes (Aquatic Only),Seamantle,Tsunami,,,,,,,,,,,,
Animal and Terrain Domain (Druid),Arctic,,,Frostbite,Aspect of the Bear,Sleet Storm,Wall of Ice,Aspect of the Wolf,Freezing Sphere,Wind Walk,Polar Ray,Polar Midnight,,,,,,,,,,,,
Animal and Terrain Domain (Druid),Badlands,,,Cloak of Shade,Feast of Ashes,Cloak of Winds,Spike Stones,Wind Blades,Find the Path,Fire Storm,Earthquake,Storm of Vengeance,,,,,,,,,,,,
Animal and Terrain Domain (Druid),Cave,,,Detect Aberration,Stone Call,Deeper Darkness,Echolocation,Wall of Stone,Conjure Black Pudding,Statue (Stalagmite or Stalactite),Earthquake,Imprisonment,,,,,,,,,,,,
Animal and Terrain Domain (Druid),Crocodile,,,Touch of the Sea,Savage Maw,Water Walk,Strong Jaw,Legend Lore,"Owl's Wisdom, Mass",True Seeing,"Heal, Mass",Regenerate,,,,,,,,,,,,
Animal and Terrain Domain (Druid),Desert,,,Cloak of Shade,Shifting Sand,Cup of Dust,Hallucinatory Terrain,Transmute Rock To Mud (Loose Sand Instead of Mud),Sirocco,Sunbeam,Sunburst,Horrid Wilting,,,,,,,,,,,,
Animal and Terrain Domain (Druid),Eagle,,,Aspect of the Falcon,Eagle's Splendor,Fly,River of Wind,Overland Flight,Eagle Aerie,Animal Shapes (Birds Only),Sunburst,Winds of Vengeance,,,,,,,,,,,,
Animal and Terrain Domain (Druid),Frog,,,Jump,Delay Poison,Lily Pad Stride,Shout,Blessing of the Salamander,Confusion,Animal Shapes (Amphibians Only),"Shout, Greater",Summon Froghemoth,,,,,,,,,,,,
Animal and Terrain Domain (Druid),Jungle,,,Glide,Tar Ball,Venomous Bolt,Arboreal Hammer,Blessing of the Salamander,Swarm Skin,Creeping Doom,Wall of Lava,Shambler,,,,,,,,,,,,
Animal and Terrain Domain (Druid),Monkey,,,Beguiling Gift,Spider Climb,Cacophonous Call,Freedom of Movement,Summon Nature's Ally V (Dire Ape or Girallon Only),Confusion,Animal Shapes (Apes or Monkeys),Clenched Fist,Foresight,,,,,,,,,,,,
Animal and Terrain Domain (Druid),Mountain,,,Stone Fist,Stone Call,Cloak of Winds,Stoneskin,Geyser,Suffocation,Flesh of Stone,Reverse Gravity,Clashing Rocks,,,,,,,,,,,,
Animal and Terrain Domain (Druid),Panther,,,True Strike,Darkness,Deeper Darkness,Moonstruck,Commune with Nature,Mislead,True Seeing,Nine Lives,"Spell Immunity, Greater",,,,,,,,,,,,
Animal and Terrain Domain (Druid),Plains,,,Mount,Chameleon Stride,Haste,Aspect of the Stag,Control Winds,Find the Path,Whirlwind,Animal Shapes,Worldwave,,,,,,,,,,,,
Animal and Terrain Domain (Druid),Serpent,,,Charm Animal,Animal Trance,Poison,Strong Jaw,Snakestaff,Charm Monster,Animal Shapes (Reptiles and Snakes),Scintillating Pattern,Crushing Hand,,,,,,,,,,,,
Animal and Terrain Domain (Druid),Swamp,,,Hydraulic Push,Burst of Nettles,Lily Pad Stride,Cape of Wasps,Insect Plague,"Fester, Mass",Animate Plants,Blood Mist,Shambler,,,,,,,,,,,,
Animal and Terrain Domain (Druid),Vulture,,,Deathwatch,Glide,Death Knell,Death Ward,Breath of Life,Circle of Death,Resurrection,Finger of Death,Winds of Vengeance,,,,,,,,,,,,
Animal and Terrain Domain (Druid),Wolf,,,Hunter's Howl,Bloodhound,Aspect of the Wolf,Strong Jaw,Tireless Pursuers,Find the Path,Animal Shapes (Canine Only),Phantasmal Revenge,Freedom,,,,,,,,,,,,
,,,,,,,,,,,,,,,,,,,,,,,,
,,,,,,,,,,,,,,,,,,,,,,,,
Mystery (Oracle),Ancestor,,,Unseen Servant,Spiritual Weapon,Heroism,Spiritual Ally,Telekinesis,"Heroism, Greater",Ethereal Jaunt,Vision,Astral Projection,,,,,,,,,,,,
Mystery (Oracle),Apocalypse,,,Deathwatch,Summon Swarm,Explosive Runes,Ice Storm,Insect Plague,Circle of Death,Vision,Incendiary Cloud,Meteor Swarm,,,,,,,,,,,,
Mystery (Oracle),Battle,,,Enlarge Person,Fog Cloud,Magic Vestment,Wall of Fire,Righteous Might,"Bull's Strength, Mass",Control Weather,Earthquake,Storm of Vengeance,,,,,,,,,,,,
Mystery (Oracle),Bones,,,Cause Fear,False Life,Animate Dead,Fear,Slay Living,Circle of Death,Control Undead,Horrid Wilting,Wail of the Banshee,,,,,,,,,,,,
Mystery (Oracle),Dark Tapestry,,,Entropic Shield,Dust of Twilight,Tongues,Black Tentacles,Feeblemind,Planar Binding,Insanity,Reverse Gravity,Interplanetary Teleport,,,,,,,,,,,,
Mystery (Oracle),Flame,,,Burning Hands,Resist Energy,Fireball,Wall of Fire,Summon Monster V (Fire Elemental Only),Fire Seeds,Fire Storm,Incendiary Cloud,Fiery Body,,,,,,,,,,,,
Mystery (Oracle),Heavens,,,Color Spray,Hypnotic Pattern,Daylight,Rainbow Pattern,Overland Flight,Chain Lightning,Prismatic Spray,Sunburst,Meteor Swarm,,,,,,,,,,,,
Mystery (Oracle),Juju,,,Speak with Animals,Hideous Laughter,Fear,Charm Monster,Create Undead (Juju Zombies Only),Magic Jar,Creeping Doom,Trap the Soul,Shapechange,,,,,,,,,,,,
Mystery (Oracle),Life,,,Detect Undead,"Restoration, Lesser",Neutralize Poison,Restoration,Breath of Life,Heal,"Restoration, Greater","Heal, Mass",True Resurrection,,,,,,,,,,,,
Mystery (Oracle),Lore,,,Identify,Tongues,Locate Object,Legend Lore,Contact Other Plane,"Owl's Wisdom, Mass",Vision,Moment of Prescience,Time Stop,,,,,,,,,,,,
Mystery (Oracle),Lunar,,,Fumbletongue,Dust of Twilight,Rage,Moonstruck,Aspect of the Wolf,Litany of Madness,Lunar Veil,Blood Mist,Polar Midnight,,,,,,,,,,,,
Mystery (Oracle),Metal,,,Lead Blades,Heat Metal,Keen Edge,Versatile Weapon,Major Creation (Metal Only),Wall of Iron,Statue (Any Metal),Repel Metal or Stone,Iron Body,,,,,,,,,,,,
Mystery (Oracle),Nature,,,Charm Animal,Barkskin,Speak with Plants,Grove of Respite,Awaken,Stone Tell,Creeping Doom,Animal Shapes,World Wave,,,,,,,,,,,,
Mystery (Oracle),Occult,,,Unseen Servant,Spectral Hand,Clairaudience/Clairvoyance,Scrying,Contact Other Plane,Project Image,Vision,Moment of Prescience,Astral Projection,,,,,,,,,,,,
Mystery (Oracle),Outer Rifts,,,Endure Elements,Resist Energy,Vermin Shape I,Confusion,"Planar Binding, Lesser",Planar Binding,Insanity,"Planar Binding, Greater",Imprisonment,,,,,,,,,,,,
Mystery (Oracle),Solar,,,Faerie Fire,Flaming Sphere,Daylight,Dimension Door,Planar Adaptation,Sirocco,Sunbeam,Sunburst,Prismatic Sphere,,,,,,,,,,,,
Mystery (Oracle),Spellscar,,,Ray of Enfeeblement,Obscure Object,Dispel Magic,"Globe of Invulnerability, Lesser",Break Enchantment,Antimagic Field,Spell Turning,Spellscar,Mage's Disjunction,,,,,,,,,,,,
Mystery (Oracle),Stone,,,Magic Stone,Stone Call,Meld Into Stone,Wall of Stone,Stoneskin,Stone Tell,Statue,Repel Metal or Stone,Clashing Rocks,,,,,,,,,,,,
Mystery (Oracle),Time,,,Memory Lapse,Gentle Repose,Sands of Time,Threefold Aspect,Permanency,Contingency,Disintegrate,Temporal Stasis,Time Stop,,,,,,,,,,,,
Mystery (Oracle),Waves,,,Touch of the Sea,Slipstream,Water Breathing,Wall of Ice,Geyser,Fluid Form,Vortex,Seamantle,Tsunami,,,,,,,,,,,,
Mystery (Oracle),Wind,,,Alter Winds,Gust of Wind,Cloak of Winds,River of Wind,Control Winds,Sirocco,Control Weather,Whirlwind,Winds of Vengeance,,,,,,,,,,,,
Mystery (Oracle),Winter,,,Endure Elements,Frost Fall,Sleet Storm,Ice Storm,Icy Prison,Cone of Cold,Ice Body,Polar Ray,"Icy Prison, Mass",,,,,,,,,,,,
Mystery (Oracle),Wood,,,Shillelagh,Barkskin,Minor Creation (Wood Only),Thorn Body,Tree Stride,Ironwood,Transmute Metal To Wood,Changestaff,Wooden Phalanx,,,,,,,,,,,,
,,,,,,,,,,,,,,,,,,,,,,,,
,,,,,,,,,,,,,,,,,,,,,,,,
Bloodline (Sorcerer),Aberrant,,,Enlarge Person,See Invisibility,Tongues,Black Tentacles,Feeblemind,Veil,Plane Shift,Mind Blank,Shapechange,,,,,,,,,,,,
Bloodline (Sorcerer),Abyssal,,,Cause Fear,Bull's Strength,Rage,Stoneskin,Dismissal,Transformation,"Teleport, Greater",Unholy Aura,Summon Monster IX,,,,,,,,,,,,
Bloodline (Sorcerer),Accursed,,,Ray of Enfeeblement,Touch of Idiocy,Ray of Exhaustion,Bestow Curse,Feeblemind,Eyebite,Insanity,Dimensional Lock,Energy Drain,,,,,,,,,,,,
Bloodline (Sorcerer),Aquatic (Sorcerer Bloodline),,,Hydraulic Push,Slipstream,Aqueous Orb,Geyser,Control Water,Beast Shape IV,Summon Monster VII,Seamantle,World Wave,,,,,,,,,,,,
Bloodline (Sorcerer),Arcane,,,Identify,Invisibility,Dispel Magic,Dimension Door,Overland Flight,True Seeing,"Teleport, Greater",Power Word Stun,Wish,,,,,,,,,,,,
Bloodline (Sorcerer),Boreal,,,Enlarge Person,Rage,Elemental Aura (Cold Only),Wall of Ice,Cone of Cold,Transformation,Giant Form I,Polar Ray,Meteor Swarm (Dealing Cold Damage),,,,,,,,,,,,
Bloodline (Sorcerer),Celestial,,,Bless,Resist Energy,Magic Circle Against Evil,Remove Curse,Flame Strike,"Dispel Magic, Greater",Banishment,Sunburst,Gate,,,,,,,,,,,,
Bloodline (Sorcerer),Daemon,,,Ray of Enfeeblement,Touch of Idiocy,Vampiric Touch,Contagion,Blight,Circle of Death,Waves of Exhaustion,Horrid Wilting,Soul Bind,,,,,,,,,,,,
Bloodline (Sorcerer),Deep Earth,,,Expeditious Excavation,Darkvision,Shifting Sand,Stoneskin,Spike Stones,Stone Tell,Repel Metal or Stone,Earthquake,Clashing Rocks,,,,,,,,,,,,
Bloodline (Sorcerer),Destined,,,Alarm,Blur,Protection from Energy,Freedom of Movement,Break Enchantment,Mislead,Spell Turning,Moment of Prescience,Foresight,,,,,,,,,,,,
Bloodline (Sorcerer),Div,,,Disguise Self,Touch of Idiocy,Deeper Darkness,Bestow Curse,Insect Plague,Disintergrate,Insanity,Earthquake,Wish,,,,,,,,,,,,
Bloodline (Sorcerer),Djinni,,,Shocking Grasp,Invisibility,Fly,Minor Creation,Overland Flight,Chain Lightning,Plane Shift,"Planar Binding, Greater",Wish,,,,,,,,,,,,
Bloodline (Sorcerer),Draconic,,,Mage Armor,Resist Energy,Fly,Fear,Spell Resistance,Form of the Dragon I,Form of the Dragon II,Form of the Dragon III,Wish,,,,,,,,,,,,
Bloodline (Sorcerer),Dreamspun,,,Sleep,Augury,Deep Slumber,Divination,Dream,Shadow Walk,Vision,Moment of Prescience,Astral Projection,,,,,,,,,,,,
Bloodline (Sorcerer),Ectoplasm,,,Obscuring Mist,Ghost Whip,Ectoplasmic Snare,Spirit-Bound Blade,Wall of Ectoplasm,Ethereal Jaunt,Ectoplasmic Eruption,Create Demiplane,Etherealness,,,,,,,,,,,,
Bloodline (Sorcerer),Efreeti,,,Enlarge Person,Scorching Ray,Fireball,Wall of Fire,Persistent Image,Planar Binding,Plane Shift,Giant Form II,Wish,,,,,,,,,,,,
Bloodline (Sorcerer),Elemental,,,Burning Hands,Scorching Ray,Protection from Energy,Elemental Body I,Elemental Body II,Elemental Body III,Elemental Body IV,Summon Monster VIII (Elementals Only),Elemental Swarm,,,,,,,,,,,,
Bloodline (Sorcerer),Fey,,,Entangle,Hideous Laughter,Deep Slumber,Poison,Tree Stride,Mislead,Phase Door,Irresistible Dance,Shapechange,,,,,,,,,,,,
Bloodline (Sorcerer),Ghoul Sorcerer,,,Ray of Enfeeblement,Feast of Ashes,Vampiric Touch,Fear,Hungry Earth,Move Earth,Control Undead,Unholy Aura,Wail of the Banshee,,,,,,,,,,,,
Bloodline (Sorcerer),Harrow,,,Ill Omen,Augury,Harrowing,Shadow Conjuration,Contact Other Plane,Legend Lore,"Harrowing, Greater",Moment of Prescience,Wierd,,,,,,,,,,,,
Bloodline (Sorcerer),Imperious (Human Only),,,Moment of Greatness,Eagle's Splendor,Heroism,Threefold Aspect,"Command, Greater",Repulsion,"Age Resistance, Greater",Prediction of Failure,Overwhelming Presence,,,,,,,,,,,,
Bloodline (Sorcerer),Impossible,,,"Confusion, Lesser",Make Whole,Shrink Item,Confusion,Fabricate,Animate Objects,Insanity,Polymorph Any Object,Wish,,,,,,,,,,,,
Bloodline (Sorcerer),Infernal,,,Protection from Good,Scorching Ray,Suggestion,Charm Monster,Dominate Person,Planar Binding (Devils and Creatures with the Fiendish Template Only),"Teleport, Greater",Power Word Stun,Meteor Swarm,,,,,,,,,,,,
Bloodline (Sorcerer),Kobold (Kobold Only),,,Alarm,Create Pit,Explosive Runes,Dragon's Breath,Transmute Rock To Mud,Guards and Wards,Delayed Blast Fireball,Form of the Dragon III,Imprisonment,,,,,,,,,,,,
Bloodline (Sorcerer),Maestro,,,Ventriloquism,Hideous Laughter,Suggestion,Shout,Dominate Person,"Suggestion, Mass",Power Word Blind,"Shout, Greater",Wail of the Banshee,,,,,,,,,,,,
Bloodline (Sorcerer),Marid,,,Obscuring Mist,See Invisibility,Gaseous Form,Wall of Ice,Persistent Image,Elemental Body III,Plane Shift,Polar Ray,Wish,,,,,,,,,,,,
Bloodline (Sorcerer),Martyred,,,Endure Elements,Surmount Affliction,Heroism,Blessing of Fervor,,"Heroism, Greater",Joyful Rapture,Mindblank,Overwhelming Presence,,,,,,,,,,,,
Bloodline (Sorcerer),Nanite,,,Disguise Self,Defensive Shock,Gaseous Form,Miasmatic Form,Echolocation,Fluid Form,Magnetic Field,Iron Body,Shapechange,,,,,,,,,,,,
Bloodline (Sorcerer),Oni,,,Ray of Enfeeblement,Invisibility,Fly,Charm Monster,Cone of Cold,"Dispel Magic, Greater",Waves of Exhaustion,Trap the Soul,Dominate Monster,,,,,,,,,,,,
Bloodline (Sorcerer),Orc,,,Burning Hands,Bull's Strength,Rage,Wall of Fire,Cloudkill,Transformation,Delayer Blast Fireball,Iron Body,Meteor Swarm,,,,,,,,,,,,
Bloodline (Sorcerer),Pestilence,,,Charm Animal,Summon Swarm,Contagion,Repel Vermin,Insect Plague,Eyebite,Creeping Doom,Horrid Wilting,Power Word Kill,,,,,,,,,,,,
Bloodline (Sorcerer),Protean,,,Entropic Shield,Blur,Gaseous Form,Confusion,Major Creation,Disintergrate,"Polymorph, Greater",Polymorph Any Object,Shapechange,,,,,,,,,,,,
Bloodline (Sorcerer),Psychic,,,Mind Thrust I,Id Insinuation I,Ego Whip I,Intellect Fortress I,Psychic Crush I,Mental Barrier V,Tower of Iron Will III,Bilocation,Microcosm,,,,,,,,,,,,
Bloodline (Sorcerer),Rakshasa,,,Charm Person,Invisibility,Suggestion,Detect Scrying,Prying Eyes,"Suggestion, Mass","Polymorph, Greater",Mind Blank,Dominate Monster,,,,,,,,,,,,
Bloodline (Sorcerer),Serpentine,,,Hypnotism,Delay Poison,Summon Monster III (Reptiles Only),Poison,Hold Monster,"Suggestion, Mass",Summon Monster VII (Reptiles Only),Irresistible Dance,Dominate Monster,,,,,,,,,,,,
Bloodline (Sorcerer),Shadow,,,Ray of Enfeeblement,Darkvision,Deeper Darkness,Shadow Conjuration,Shadow Evocation,Shadow Walk,Power Word Blind,"Shadow Evocation, Greater",Shades,,,,,,,,,,,,
Bloodline (Sorcerer),Shaitan,,,True Strike,Glitterdust,"Magic Weapon, Greater",Stoneskin,Wall of Stone,Wall of Iron,Plane Shift,Iron Body,Wish,,,,,,,,,,,,
Bloodline (Sorcerer),Starsoul,,,Unseen Servant,Glitterdust,Blink,"Call Lightning Storm (Dealing Fire Damage, Damage Increased Outdoors At Night)",Overland Flight,Repulsion,Reverse Gravity,"Prying Eyes, Greater",Meteor Swarm,,,,,,,,,,,,
Bloodline (Sorcerer),Stormborn,,,Shocking Grasp,Gust of Wind,Lightning Bolt,Shout,Overland Flight,Chain Lightning,Control Weather,Whirlwind,Storm of Vengeance,,,,,,,,,,,,
Bloodline (Sorcerer),Undead,,,Chill Touch,False Life,Vampiric Touch,Animate Dead,Waves of Fatigue,Undeath To Death,Finger of Death,Horrid Wilting,Energy Drain,,,,,,,,,,,,
Bloodline (Sorcerer),Verdant,,,Entangle,Barkskin,Speak with Plants,Command Plants,Wall of Thorns,Transport Via Plants,Plant Shape III,Animate Plants,Shambler,,,,,,,,,,,,
,,,,,,,,,,,,,,,,,,,,,,,,
,,,,,,,,,,,,,,,,,,,,,,,,
Bloodline (Bloodrager),Aberrant (Bloodrager),,,Enlarge Person,See Invisibility,Displacement,Black Tentacles,,,,,,,,,,,,,,,,,
Bloodline (Bloodrager),Abyssal (Bloodrager),,,Ray of Enfeeblement,Bull's Strength,Rage,Stoneskin,,,,,,,,,,,,,,,,,
Bloodline (Bloodrager),Arcane (Bloodrager),,,Magic Missile,Invisibility,Lightning Bolt,Dimension Door,,,,,,,,,,,,,,,,,
Bloodline (Bloodrager),Black Blood,,,Chill Touch,Unshakable Chill,Elemental Aura (Cold Only),Black Tentacles,,,,,,,,,,,,,,,,,
Bloodline (Bloodrager),Celestial (Bloodrager),,,Bless,Resist Energy,Heroism,Holy Smite,,,,,,,,,,,,,,,,,
Bloodline (Bloodrager),Destined (Bloodrager),,,Shield,Blur,Protection of Energy,Freedom of Movement,,,,,,,,,,,,,,,,,
Bloodline (Bloodrager),Draconic (Bloodrager),,,Shield,Resist Energy,Fly,Fear,,,,,,,,,,,,,,,,,
Bloodline (Bloodrager),Elemental (Bloodrager),,,Burning Hands (Match Bloodline Elemental Type),Scorching Ray (Match Bloodline Elemental Type),Protection of Energy,Elemental Body I,,,,,,,,,,,,,,,,,
Bloodline (Bloodrager),Fey (Bloodrager),,,Entangle,Hideous Laughter,Haste,Confusion,,,,,,,,,,,,,,,,,
Bloodline (Bloodrager),Infernal (Bloodrager),,,Protection from Good,Scorching Ray,Suggestion,Fire Shield,,,,,,,,,,,,,,,,,
Bloodline (Bloodrager),Kyton,,,Pursuasive Goad,Pain Strike,Deeper Darkness,Fear,,,,,,,,,,,,,,,,,
Bloodline (Bloodrager),Undead (Bloodrager),,,Chill Touch,False Life,Vampiric Touch,Enervation,,,,,,,,,,,,,,,,,
,,,,,,,,,,,,,,,,,,,,,,,,
,,,,,,,,,,,,,,,,,,,,,,,,
Patron (Witch),Agility,,,Jump,Cat's Grace,Haste,Freedom of Movement,Polymorph,"Cat's Grace, Mass",Ethereal Jaunt,Animal Shapes,Shapechange,,,,,,,,,,,,
Patron (Witch),Ancestor (Witch),,,Bless,Aid,Prayer,Blessing of Fervor,Commune,"Heroism, Greater",Refuge,Euphoric Tranquility,Weird,,,,,,,,,,,,
Patron (Witch),Animals,,,Charm Animals,Speak with Animals,Dominate Animal,Summon Nature's Ally IV,Animal Growth,Antilife Shell,Beast Shape IV,Animal Shapes,Summon Nature's Ally IX,,,,,,,,,,,,
Patron (Witch),Boundaries,,,Protection from Evil,See Invisibility,Magic Circle Against Evil,Dimensional Anchor,Control Summoned Creature,Banishment,Ethereal Jaunt,Dimensional Lock,Gate,,,,,,,,,,,,
Patron (Witch),Death (Witch),,,Deathwatch,Blessing of Courage and Life,Speak with Dead,Rest Ethernal,Suffocation,Circle of Death,Finger of Death,Symbol of Death,Power Word Kill,,,,,,,,,,,,
Patron (Witch),Deception,,,Ventriloquism,Invisibility,Blink,Confusion,Passwall,Programmed Image,"Invisibility, Mass",Scintillating Pattern,Time Stop,,,,,,,,,,,,
Patron (Witch),Devotion,,,Divine Favor,Martyr's Bargain,Magic Vestment,"Magic Weapon, Greater",Flame Strike,"Bull's Strength, Mass",Bestow Grace of the Champion,Holy Aura,"Heal, Mass",,,,,,,,,,,,
Patron (Witch),Dimensions,,,Hold Person,Rope Trick,Blink,Dimensional Anchor,"Planar Binding, Lesser",Planar Binding,Banishment,"Planar Binding, Greater",Gate,,,,,,,,,,,,
Patron (Witch),Elements,,,Shocking Grasp,Flaming Sphere,Fireball,Wall of Ice,Flame Strike,Freezing Sphere,Vortex,Fire Storm,Meteor Swarm,,,,,,,,,,,,
Patron (Witch),Enchantment,,,Unnatural Lust,Calm Emotions,Unadulterated Loathing,Overwhelming Grief,Dominated Person,Geas,Euphoric Tranquility,Demand,Dominate Monster,,,,,,,,,,,,
Patron (Witch),Endurance,,,Endure Elements,Bear's Endurance,Protection from Energy,Spell Immunity,Spell Resistance,"Bear's Endurance, Mass","Restoration, Greater",Iron Body,Miracle,,,,,,,,,,,,
Patron (Witch),Ethereal,,,Detect Undead,See Invisibility,Ectoplasmic Snare,Condensed Ether,Ethereal Envelope,Ethereal Jaunt,Ectoplasmic Eruption,Ethereal Envelopment,Etherealness,,,,,,,,,,,,
Patron (Witch),Healing (Patron),,,Remove Fear,"Restoration, Lesser",Remove Diease,Restoration,Cleanse,Pillar of Life,"Restoration, Greater","Cure Critical Wounds, Mass",True Resurrection,,,,,,,,,,,,
Patron (Witch),Insanity,,,Memory Lapse,Hideous Laughter,Distracting Cacophony,Confusion,Mind Fog,Envious Urge,Insanity,Symbol of Insanity,Overwhelming Presence,,,,,,,,,,,,
Patron (Witch),Light,,,Dancing Lantern,Continual Flame,Daylight,Rainbow Pattern,Fire Snake,Sirocco,Sunbeam,Sunburst,Fiery Body,,,,,,,,,,,,
Patron (Witch),Mind,,,Mindlink,Mental Block,Mindscape Door,Create Mindscape,Psychic Asylum,"Create Mindscape, Greater",Psychic Surgery,Moment of Prescience,Microcosm,,,,,,,,,,,,
Patron (Witch),Moon,,,Darkness,Darkvision,Owl’S Wisdom,Moonstruck,Aspect of the Wolf,Control Water,Lunar Veil,Horrid Wilting,Meteor Swarm,,,,,,,,,,,,
Patron (Witch),Mountain (Patron),,,Stone Fist,Stone Call,Stone Shape,Spike Stones,Wall of Stone,Flesh To Stone,Stone Tell,Repel Metal or Stone,Clashing Rocks,,,,,,,,,,,,
Patron (Witch),Occult (Witch),,,Detect Undead,Command Undead,Twilight Knife,Black Tentacles,Snake Staff,Create Undead,Waves of Exhaustion,Trap the Soul,Gate,,,,,,,,,,,,
Patron (Witch),Peace,,,Sanctuary,Calm Emotions,Wind Wall,Dismissal,Serenity,Word of Recall,Forcecage,Euphoric Tranquility,Antipathy,,,,,,,,,,,,
Patron (Witch),Plague,,,Detect Undead,Command Undead,Contagion,Animate Dead,Giant Vermin,Create Undead,Control Undead,Create Greater Undead,Energy Drain,,,,,,,,,,,,
Patron (Witch),Plant (Witch),,,Entangle,Accelerate Poison,Lily Pad Stride,Grove of Respite,Tree Stride,Repel Wood,Animate Plants,Control Plants,Shambler,,,,,,,,,,,,
Patron (Witch),Portents,,,Ill-Omen,Locate Object,Blood Biography,Divination,Contact Other Plane,Legend Lore,Vision,Moment of Prescience,Foresight,,,,,,,,,,,,
Patron (Witch),Shadow (Witch),,,Silent Image,Darkness,Deeper Darkness,Shadow Conjuration,Shadow Evocation,Shadow Walk,"Shadow Conjuration, Greater","Shadow Evocation, Greater",Shades,,,,,,,,,,,,
Patron (Witch),Spirits,,,Ghostbane Dirge,Invisibility,Speak with Dead,Spiritual Ally,"Ghostbane, Mass",Shadow Walk,Ethereal Jaunt,Planar Ally,Etherealness,,,,,,,,,,,,
Patron (Witch),Stars,,,Faerie Fire,Dust of Twilight,Guiding Star,Wandering Star Motes,Dream,Cloak of Dreams,Circle of Clarity,Euphoric Tranquility,Astral Projection,,,,,,,,,,,,
Patron (Witch),Storms,,,Obscuring Mist,Fog Cloud,Call Lightning,Ice Storm,Call Lightning Storm,Wind Walk,Control Weather,Whirlwind,Storm of Vengeance,,,,,,,,,,,,
Patron (Witch),Strength (Witch),,,Divine Favor,Bull’S Strength,"Magic Weapon, Greater",Divine Power,Righteous Might,"Bull's Strength, Mass",Giant Form I,Giant Form II,Shapechange,,,,,,,,,,,,
Patron (Witch),Summer,,,Goodberry,Flaming Sphere,Daylight,"Flaming Sphere, Greater",Wall of Fire,Sirocco,Sunbeam,Sunburst,Fiery Body,,,,,,,,,,,,
Patron (Witch),Thorns,,,Thorn Javelin,Wrath,Thorny Entanglement,Thorn Body,Wall of Thorns,Blade Barrier,Repulsion,Mage's Sword,Wooden Phalanx,,,,,,,,,,,,
Patron (Witch),Time (Witch),,,Ventriloquism,Silence,Haste,Threefold Aspect,Teleport,Disintegrate,Expend,Temporal Stasis,Time Stop,,,,,,,,,,,,
Patron (Witch),Transformation,,,Jump,Bear's Endurance,Beast Shape I,Beast Shape II,Beast Shape III,Form of the Dragon I,Form of the Dragon II,Form of the Dragon III,Shapechange,,,,,,,,,,,,
Patron (Witch),Trickery (Patron),,,Animate Rope,Mirror Image,Major Image,Hallucinatory Terrain,Mirage Arcana,Mislead,Reverse Gravity,Screen,Time Stop,,,,,,,,,,,,
Patron (Witch),Vengeance,,,Burning Hands,Burning Gaze,Pain Strike,Shout,Symbol of Pain,"Pain Strike, Mass",Phantasmal Revenge,Incendiary Cloud,Winds of Vengeance,,,,,,,,,,,,
Patron (Witch),Water (Witch),,,Bless Water/Curse Water,Slipstream,Water Breathing,Control Water,Geyser,Elemental Body III (Water Only),Elemental Body IV (Water Only),Seamantle,Tsunami,,,,,,,,,,,,
Patron (Witch),Winter (Witch),,,Unshakable Chill,Resist Energy (Cold Only),Ice Storm,Wall of Ice,Cone of Cold,Freezing Sphere,Control Weather,Polar Ray,Polar Midnight,,,,,,,,,,,,
Patron (Witch),Wisdom,,,Shield of Faith,Owl’S Wisdom,Magic Vestment,"Globe of Invulnerability, Lesser",Dream,"Globe of Invulnerability, Greater",Spell Turning,Protection from Spells,Mage’S Disjunction,,,,,,,,,,,,
,,,,,,,,,,,,,,,,,,,,,,,,
,,,,,,,,,,,,,,,,,,,,,,,,
Elemental School (Wizard),Air (Wizard),,,,,,,,,,,,,,,,,,,,,,,
Elemental School (Wizard),Earth (Wizard),,,,,,,,,,,,,,,,,,,,,,,
Elemental School (Wizard),Fire (Wizard),,,,,,,,,,,,,,,,,,,,,,,
Elemental School (Wizard),Metal Pt1,,,,,Chill Metal,,Rusting Grasp,,Lightning Rod?,,Repel Metal or Stone,,,,,,,,,,,,
Elemental School (Wizard),Metal Pt2,,,,,Heat Metal,,,,,,,,,,,,,,,,,,
Elemental School (Wizard),Void (Wizard),,Guidance,Keen Senses,Twilight Knife,,Wandering Star Motes,,True Seeing,,Moment of Prescience,,,,,,,,,,,,,
Elemental School (Wizard),Water (Wizard),,,,,,,,,,,,,,,,,,,,,,,
Elemental School (Wizard),Wood (Wizard),,,,Entangle,Tree Shape,Plant Growth,Command Plants,Tree Stride,Liveoak,Transmute Metal To Wood,Control Plants,,,,,,,,,,,,
,,,,,,,,,,,,,,,,,,,,,,,,
,,,,,,,,,,,,,,,,,,,,,,,,
Discipline (Psychic),Abomination,,,Ray of Enfeeblement,Alter Self,Excruciating Deformation,Black Tentacles,Explode Head,Repulsion,Insanity,Orb of the Void,Telekinetic Storm,,,,,,,,,,,,
Discipline (Psychic),Dream,,,Sleep,Oneiric Horror,Deep Slumber,Sleepwalk,Nightmare,Cloak of Dreams,Ethereal Jaunt,Dream Voyage,Microcosm,,,,,,,,,,,,
Discipline (Psychic),Faith,,,Bless,Spiritual Weapons,Magic Vestment,Guardian of the Faith,Commune,Psychic Surgery,"Scrying, Greater","Planar Ally, Greater",Miracle,,,,,,,,,,,,
Discipline (Psychic),Lore (Psychic),,,Comprehend Languages,Hypercognition,Dispel Magic,Mind Probe,Retrocognition,Legend Lore,"Arcane Sight, Greater",Moment of Prescience,Divide Mind,,,,,,,,,,,,
Discipline (Psychic),Pain,,,Persuasive Goad,Pain Strike,Vampiric Touch,"Pain Strike, Mass",Synapse Overload,"Inflict Pain, Mass",Waves of Exhaustion,Horrid Wilting,"Suffocation, Mass",,,,,,,,,,,,
Discipline (Psychic),Psychedelia,,,Polypurpose Panacea,Mad Hallucination,Synesthesia,Confusion,Mirage Arcana,Joyful Rapture,Waves of Ecstasy,Euphoric Tranquility,Astral Projection,,,,,,,,,,,,
Discipline (Psychic),Rapport,,,Charm Person,Enthrall,Coordinated Effort,"Geas, Lesser",Telepathy,Battlemind Link,"Hold Person, Mass","Charm Monster, Mass",Overwhelming Presence,,,,,,,,,,,,
Discipline (Psychic),Self-Perfection,,,Expeditious Retreat,Bear's Endurance,Haste,Freedom of Movement,Echolocation,Transformation,Ethereal Jaunt,Iron Body,Akashic Form,,,,,,,,,,,,
Discipline (Psychic),Tranquility,,,Telempathic Projection,Silence,Mantle of Calm,"Daze, Mass",Serenity,Psychic Surgery,Mind Blank,Euphoric Tranquility,Time Stop,,,,,,,,,,,,
,,,,,,,,,,,,,,,,,,,,,,,,
,,,,,,,,,,,,,,,,,,,,,,,,
Oathbound Archetype (Paladin),Oath Against Chaos,,,Command,Calm Emotions,Suggestion,Order's Wrath,,,,,,,,,,,,,,,,,
Oathbound Archetype (Paladin),Oath Against Corruption,,,True Strike,Acute Senses,Touch of Idiocy,Spell Immunity,,,,,,,,,,,,,,,,,
Oathbound Archetype (Paladin),Oath Against Fiends,,,Resist Energy,Detect Thoughts,Invisibility Purge,Plane Shift,,,,,,,,,,,,,,,,,
Oathbound Archetype (Paladin),Oath Against Grotesquery,,,Sanctuary,Make Whole,Banish Seeming,True Form,,,,,,,,,,,,,,,,,
Oathbound Archetype (Paladin),Oath Against Savagery,,,Deathwatch,Protection from Arrows,Haste,Divine Power,,,,,,,,,,,,,,,,,
Oathbound Archetype (Paladin),Oath Against The Wyrm,,,Enlarge Person,Bear's Endurance,Fly,Stoneskin,,,,,,,,,,,,,,,,,
Oathbound Archetype (Paladin),Oath Against Undeath,,,Sanctify Corpse,Darkvision,Searing Light,Halt Undead,,,,,,,,,,,,,,,,,
Oathbound Archetype (Paladin),Oath of Charity,,,Magic Stone,Make Whole,Magic Vestment,Imbue with Spell Ability,,,,,,,,,,,,,,,,,
Oathbound Archetype (Paladin),Oath of Chastity,,,Remove Fear,Confess,Heroism,Freedom of Movement,,,,,,,,,,,,,,,,,
Oathbound Archetype (Paladin),Oath of Loyalty,,,Wrath,Aid,Helping Hand,Sending,,,,,,,,,,,,,,,,,
Oathbound Archetype (Paladin),Oath of Vengeance,,,Wrath,Confess,Blessing of Fervor,Order's Wrath,,,,,,,,,,,,,,,,,
,,,,,,,,,,,,,,,,,,,,,,,,
,,,,,,,,,,,,,,,,,,,,,,,,
Spirit Magic (Shaman),Ancestors,,,Unseen Servant,Spiritual Weapon,Heroism,Spiritual Ally,Telekinesis,"Heroism, Greater",Ethereal Jaunt,Vision,Astral Projection,,,,,,,,,,,,
Spirit Magic (Shaman),Battle (Shaman),,,Enlarge Person,Fog Cloud,Magic Vestment,Wall of Fire,Righteous Might,"Bull's Strength, Mass",Control Weather,Earthquake,Storm of Vengeance,,,,,,,,,,,,
Spirit Magic (Shaman),Bones (Shaman),,,Cause Fear,False Life,Animate Dead,Fear,Slay Living,Circle of Death,Control Undead,Horrid Wilting,Wail of the Banshee,,,,,,,,,,,,
Spirit Magic (Shaman),Flame (Shaman),,,Burning Hands,Resist Energy,Fireball,Wall of Fire,Summon Monster V (Fire Elementals Only),Fire Seeds,Fire Storm,Incendiary Cloud,Fiery Body,,,,,,,,,,,,
Spirit Magic (Shaman),Heavens (Shaman),,,Color Spray,Hypnotic Pattern,Daylight,Rainbow Pattern,Overland Flight,Chain Lightning,Prismatic Spray,Sunburst,Meteor Swarm,,,,,,,,,,,,
Spirit Magic (Shaman),Life (Shaman),,,Detect Undead,"Restoration, Lesser",Neutralize Poison,Restoration,Breath of Life,Heal,"Restoration, Greater","Heal, Mass",True Resurrection,,,,,,,,,,,,
Spirit Magic (Shaman),Lore (Shaman),,,Identify,Tongues,Locate Object,Legend Lore,Contact Other Plane,"Owl's Wisdom, Mass",Vision,Moment of Prescience,Time Stop,,,,,,,,,,,,
Spirit Magic (Shaman),Mammoth,,,Enlarge Person,Bull's Strength,Rage,Stoneskin,Beast Shape III,Tar Pool,Summon Nature's Ally VII,Frightful Aspect,Polar Midnight,,,,,,,,,,,,
Spirit Magic (Shaman),Nature (Shaman),,,Charm Animal,Barkskin,Speak with Plants,Grove of Respite,Awaken,Stone Tell,Creeping Doom,Animal Shapes,World Wave,,,,,,,,,,,,
Spirit Magic (Shaman),Stone (Shaman),,,Magic Stone,Stone Call,Meld Into Stone,Wall of Stone,Stoneskin,Stone Tell,Statue,Repel Metal or Stone,Clashing Rocks,,,,,,,,,,,,
Spirit Magic (Shaman),Waves (Shaman),,,Hydraulic Push,Slipstream,Water Breathing,Wall of Ice,Geyser,Fluid Form,Vortex,Seamantle,Tsunami,,,,,,,,,,,,
Spirit Magic (Shaman),Wind (Shaman),,,Alter Winds,Gust of Wind,Cloak of Winds,River of Wind,Control Winds,Sirocco,Control Weather,Whirlwind,Winds of Vengeance,,,,,,,,,,,,
Spirit Magic (Shaman),Wood (Shaman),,,Shillelagh,Barkskin,Minor Creation (Wood Items Only),Thorn Body,Tree Stride,Ironwood,Transmute Metal To Wood,Changestaff,Wooden Phalanx,,,,,,,,,,,,
,,,,,,,,,,,,,,,,,,,,,,,,
,,,,,,,,,,,,,,,,,,,,,,,,
Oracle Curse,Blackened Pt1,,,Burning Hands,Scorching Ray,,Wall of Fire,,,Delayed Blast Fireball,,,,,,,,,,,,,,
Oracle Curse,Blackened Pt2,,,,Flaming Sphere,,,,,,,,,,,,,,,,,,,
Oracle Curse,Haunted Pt1,,Mage Hand,,Levitate,,,Telekinesis,,Reverse Gravity,,,,,,,,,,,,,,
Oracle Curse,Haunted Pt2,,Ghost Sound,,Minor Image,,,,,,,,,,,,,,,,,,,
Oracle Curse,Infested Goblin,,,,Vomit Swarm,,,,Swarm Skin,,,,,,,,,,,,,,,
Oracle Curse,Wolf-Scarred Face,,,Magic Fang,,"Magic Fang, Greater",,,,,,,,,,,,,,,,,,
,,,,,,,,,,,,,,,,,,,,,,,,
,,,,,,,,,,,,,,,,,,,,,,,,
Prestige Class,Winter Witch - Hyboreal Patronage,,,,,Wall of Ice,,Icy Prison,,Freezing Sphere,,,,,,,,,,,,,,
Prestige Class,Crimson Assassin pt1,,,Obscuring Mist,Darkness,Clairaudience/Clairvoyance,Dimension Door,,,,,,,,,,,,,,,,,
Prestige Class,Crimson Assassin pt2,,,True Strike,Summon Swarm,Hold Person,Modify Memory,,,,,,,,,,,,,,,,,
Prestige Class,Crimson Assassin pt3,,,,Fog Cloud,,,,,,,,,,,,,,,,,,,
Prestige Class,Crimson Assassin pt4,,,,See Invisibility,,,,,,,,,,,,,,,,,,,
,,,,,,,,,,,,,,,,,,,,,,,,
,,,,,,,,,,,,,,,,,,,,,,,,
Other,,,,,,,,,,,,,,,,,,,,,,,,
Other,,,,,,,,,,,,,,,,,,,,,,,,
Other,,,,,,,,,,,,,,,,,,,,,,,,
Other,,,,,,,,,,,,,,,,,,,,,,,,
Other,,,,,,,,,,,,,,,,,,,,,,,,
Other,,,,,,,,,,,,,,,,,,,,,,,,
Other,,,,,,,,,,,,,,,,,,,,,,,,
,,,,,,,,,,,,,,,,,,,,,,,,
,,,,,,,,,,,,,,,,,,,,,,,,
,,,,,,,,,,,,,,,,,,,,,,,,
,,,,,,,,,,,,,,,,,,,,,,,,
,,,,,,,,,,,,,,,,,,,,,,,,
,,,,,,,,,,,,,,,,,,,,,,,,
,,,,,,,,,,,,,,,,,,,,,,,,
,,,,,,,,,,,,,,,,,,,,,,,,
,,,,,,,,,,,,,,,,,,,,,,,,
,,,,,,,,,,,,,,,,,,,,,,,,
,,,,,,,,,,,,,,,,,,,,,,,,
,,,,,,,,,,,,,,,,,,,,,,,,
,,,,,,,,,,,,,,,,,,,,,,,,
,,,,,,,,,,,,,,,,,,,,,,,,
,,,,,,,,,,,,,,,,,,,,,,,,
,,,,,,,,,,,,,,,,,,,,,,,,
,,,,,,,,,,,,,,,,,,,,,,,,
,,,,,,,,,,,,,,,,,,,,,,,,
,,,,,,,,,,,,,,,,,,,,,,,,
,,,,,,,,,,,,,,,,,,,,,,,,
,,,,,,,,,,,,,,,,,,,,,,,,
,,,,,,,,,,,,,,,,,,,,,,,,
,,,,,,,,,,,,,,,,,,,,,,,,
,,,,,,,,,,,,,,,,,,,,,,,,
,,,,,,,,,,,,,,,,,,,,,,,,
,,,,,,,,,,,,,,,,,,,,,,,,
,,,,,,,,,,,,,,,,,,,,,,,,
,,,,,,,,,,,,,,,,,,,,,,,,
,,,,,,,,,,,,,,,,,,,,,,,,
,,,,,,,,,,,,,,,,,,,,,,,,
,,,,,,,,,,,,,,,,,,,,,,,,
,,,,,,,,,,,,,,,,,,,,,,,,
,,,,,,,,,,,,,,,,,,,,,,,,
,,,,,,,,,,,,,,,,,,,,,,,,
,,,,,,,,,,,,,,,,,,,,,,,,
,,,,,,,,,,,,,,,,,,,,,,,,
,,,,,,,,,,,,,,,,,,,,,,,,
,,,,,,,,,,,,,,,,,,,,,,,,
,,,,,,,,,,,,,,,,,,,,,,,,
,,,,,,,,,,,,,,,,,,,,,,,,
,,,,,,,,,,,,,,,,,,,,,,,,
,,,,,,,,,,,,,,,,,,,,,,,,
,,,,,,,,,,,,,,,,,,,,,,,,
,,,,,,,,,,,,,,,,,,,,,,,,
,,,,,,,,,,,,,,,,,,,,,,,,
,,,,,,,,,,,,,,,,,,,,,,,,
,,,,,,,,,,,,,,,,,,,,,,,,
,,,,,,,,,,,,,,,,,,,,,,,,
,,,,,,,,,,,,,,,,,,,,,,,,
,,,,,,,,,,,,,,,,,,,,,,,,
,,,,,,,,,,,,,,,,,,,,,,,,
,,,,,,,,,,,,,,,,,,,,,,,,
,,,,,,,,,,,,,,,,,,,,,,,,
,,,,,,,,,,,,,,,,,,,,,,,,
,,,,,,,,,,,,,,,,,,,,,,,,
,,,,,,,,,,,,,,,,,,,,,,,,
,,,,,,,,,,,,,,,,,,,,,,,,
,,,,,,,,,,,,,,,,,,,,,,,,
,,,,,,,,,,,,,,,,,,,,,,,,
,,,,,,,,,,,,,,,,,,,,,,,,
,,,,,,,,,,,,,,,,,,,,,,,,
,,,,,,,,,,,,,,,,,,,,,,,,
,,,,,,,,,,,,,,,,,,,,,,,,
,,,,,,,,,,,,,,,,,,,,,,,,
,,,,,,,,,,,,,,,,,,,,,,,,
,,,,,,,,,,,,,,,,,,,,,,,,
,,,,,,,,,,,,,,,,,,,,,,,,
,,,,,,,,,,,,,,,,,,,,,,,,
,,,,,,,,,,,,,,,,,,,,,,,,
,,,,,,,,,,,,,,,,,,,,,,,,
,,,,,,,,,,,,,,,,,,,,,,,,
,,,,,,,,,,,,,,,,,,,,,,,,
,,,,,,,,,,,,,,,,,,,,,,,,
,,,,,,,,,,,,,,,,,,,,,,,,
,,,,,,,,,,,,,,,,,,,,,,,,
,,,,,,,,,,,,,,,,,,,,,,,,
,,,,,,,,,,,,,,,,,,,,,,,,
,,,,,,,,,,,,,,,,,,,,,,,,
,,,,,,,,,,,,,,,,,,,,,,,,
,,,,,,,,,,,,,,,,,,,,,,,,
,,,,,,,,,,,,,,,,,,,,,,,,
,,,,,,,,,,,,,,,,,,,,,,,,
,,,,,,,,,,,,,,,,,,,,,,,,
,,,,,,,,,,,,,,,,,,,,,,,,
,,,,,,,,,,,,,,,,,,,,,,,,
,,,,,,,,,,,,,,,,,,,,,,,,
,,,,,,,,,,,,,,,,,,,,,,,,
,,,,,,,,,,,,,,,,,,,,,,,,
,,,,,,,,,,,,,,,,,,,,,,,,
,,,,,,,,,,,,,,,,,,,,,,,,
,,,,,,,,,,,,,,,,,,,,,,,,
,,,,,,,,,,,,,,,,,,,,,,,,
,,,,,,,,,,,,,,,,,,,,,,,,
,,,,,,,,,,,,,,,,,,,,,,,,
,,,,,,,,,,,,,,,,,,,,,,,,
,,,,,,,,,,,,,,,,,,,,,,,,
,,,,,,,,,,,,,,,,,,,,,,,,
,,,,,,,,,,,,,,,,,,,,,,,,
,,,,,,,,,,,,,,,,,,,,,,,,
,,,,,,,,,,,,,,,,,,,,,,,,
,,,,,,,,,,,,,,,,,,,,,,,,
,,,,,,,,,,,,,,,,,,,,,,,,
,,,,,,,,,,,,,,,,,,,,,,,,
,,,,,,,,,,,,,,,,,,,,,,,,
,,,,,,,,,,,,,,,,,,,,,,,,
,,,,,,,,,,,,,,,,,,,,,,,,
,,,,,,,,,,,,,,,,,,,,,,,,
,,,,,,,,,,,,,,,,,,,,,,,,
,,,,,,,,,,,,,,,,,,,,,,,,
,,,,,,,,,,,,,,,,,,,,,,,,
,,,,,,,,,,,,,,,,,,,,,,,,
,,,,,,,,,,,,,,,,,,,,,,,,
,,,,,,,,,,,,,,,,,,,,,,,,
,,,,,,,,,,,,,,,,,,,,,,,,
,,,,,,,,,,,,,,,,,,,,,,,,
,,,,,,,,,,,,,,,,,,,,,,,,
,,,,,,,,,,,,,,,,,,,,,,,,
,,,,,,,,,,,,,,,,,,,,,,,,
,,,,,,,,,,,,,,,,,,,,,,,,
,,,,,,,,,,,,,,,,,,,,,,,,
,,,,,,,,,,,,,,,,,,,,,,,,
,,,,,,,,,,,,,,,,,,,,,,,,
,,,,,,,,,,,,,,,,,,,,,,,,
,,,,,,,,,,,,,,,,,,,,,,,,
,,,,,,,,,,,,,,,,,,,,,,,,
,,,,,,,,,,,,,,,,,,,,,,,,
,,,,,,,,,,,,,,,,,,,,,,,,
,,,,,,,,,,,,,,,,,,,,,,,,
,,,,,,,,,,,,,,,,,,,,,,,,
,,,,,,,,,,,,,,,,,,,,,,,,
,,,,,,,,,,,,,,,,,,,,,,,,
,,,,,,,,,,,,,,,,,,,,,,,,
,,,,,,,,,,,,,,,,,,,,,,,,
,,,,,,,,,,,,,,,,,,,,,,,,
,,,,,,,,,,,,,,,,,,,,,,,,
,,,,,,,,,,,,,,,,,,,,,,,,
,,,,,,,,,,,,,,,,,,,,,,,,
,,,,,,,,,,,,,,,,,,,,,,,,
,,,,,,,,,,,,,,,,,,,,,,,,
,,,,,,,,,,,,,,,,,,,,,,,,
,,,,,,,,,,,,,,,,,,,,,,,,
,,,,,,,,,,,,,,,,,,,,,,,,
,,,,,,,,,,,,,,,,,,,,,,,,
,,,,,,,,,,,,,,,,,,,,,,,,
,,,,,,,,,,,,,,,,,,,,,,,,
,,,,,,,,,,,,,,,,,,,,,,,,
,,,,,,,,,,,,,,,,,,,,,,,,
,,,,,,,,,,,,,,,,,,,,,,,,
,,,,,,,,,,,,,,,,,,,,,,,,
,,,,,,,,,,,,,,,,,,,,,,,,
,,,,,,,,,,,,,,,,,,,,,,,,
,,,,,,,,,,,,,,,,,,,,,,,,
,,,,,,,,,,,,,,,,,,,,,,,,
,,,,,,,,,,,,,,,,,,,,,,,,
,,,,,,,,,,,,,,,,,,,,,,,,
,,,,,,,,,,,,,,,,,,,,,,,,
,,,,,,,,,,,,,,,,,,,,,,,,
,,,,,,,,,,,,,,,,,,,,,,,,
,,,,,,,,,,,,,,,,,,,,,,,,
,,,,,,,,,,,,,,,,,,,,,,,,
,,,,,,,,,,,,,,,,,,,,,,,,
,,,,,,,,,,,,,,,,,,,,,,,,
,,,,,,,,,,,,,,,,,,,,,,,,
,,,,,,,,,,,,,,,,,,,,,,,,
,,,,,,,,,,,,,,,,,,,,,,,,
,,,,,,,,,,,,,,,,,,,,,,,,
,,,,,,,,,,,,,,,,,,,,,,,,
,,,,,,,,,,,,,,,,,,,,,,,,
,,,,,,,,,,,,,,,,,,,,,,,,
,,,,,,,,,,,,,,,,,,,,,,,,
,,,,,,,,,,,,,,,,,,,,,,,,
,,,,,,,,,,,,,,,,,,,,,,,,
,,,,,,,,,,,,,,,,,,,,,,,,
,,,,,,,,,,,,,,,,,,,,,,,,
,,,,,,,,,,,,,,,,,,,,,,,,
,,,,,,,,,,,,,,,,,,,,,,,,
,,,,,,,,,,,,,,,,,,,,,,,,
,,,,,,,,,,,,,,,,,,,,,,,,
,,,,,,,,,,,,,,,,,,,,,,,,
,,,,,,,,,,,,,,,,,,,,,,,,
,,,,,,,,,,,,,,,,,,,,,,,,
,,,,,,,,,,,,,,,,,,,,,,,,
,,,,,,,,,,,,,,,,,,,,,,,,
,,,,,,,,,,,,,,,,,,,,,,,,
,,,,,,,,,,,,,,,,,,,,,,,,
,,,,,,,,,,,,,,,,,,,,,,,,
,,,,,,,,,,,,,,,,,,,,,,,,
,,,,,,,,,,,,,,,,,,,,,,,,
,,,,,,,,,,,,,,,,,,,,,,,,
,,,,,,,,,,,,,,,,,,,,,,,,
,,,,,,,,,,,,,,,,,,,,,,,,
,,,,,,,,,,,,,,,,,,,,,,,,
,,,,,,,,,,,,,,,,,,,,,,,,
,,,,,,,,,,,,,,,,,,,,,,,,
,,,,,,,,,,,,,,,,,,,,,,,,
,,,,,,,,,,,,,,,,,,,,,,,,
,,,,,,,,,,,,,,,,,,,,,,,,
,,,,,,,,,,,,,,,,,,,,,,,,
,,,,,,,,,,,,,,,,,,,,,,,,
,,,,,,,,,,,,,,,,,,,,,,,,
,,,,,,,,,,,,,,,,,,,,,,,,
,,,,,,,,,,,,,,,,,,,,,,,,
,,,,,,,,,,,,,,,,,,,,,,,,
,,,,,,,,,,,,,,,,,,,,,,,,
,,,,,,,,,,,,,,,,,,,,,,,,
,,,,,,,,,,,,,,,,,,,,,,,,
,,,,,,,,,,,,,,,,,,,,,,,,
,,,,,,,,,,,,,,,,,,,,,,,,
,,,,,,,,,,,,,,,,,,,,,,,,
,,,,,,,,,,,,,,,,,,,,,,,,
,,,,,,,,,,,,,,,,,,,,,,,,
,,,,,,,,,,,,,,,,,,,,,,,,
,,,,,,,,,,,,,,,,,,,,,,,,
,,,,,,,,,,,,,,,,,,,,,,,,
,,,,,,,,,,,,,,,,,,,,,,,,
,,,,,,,,,,,,,,,,,,,,,,,,
,,,,,,,,,,,,,,,,,,,,,,,,
,,,,,,,,,,,,,,,,,,,,,,,,
,,,,,,,,,,,,,,,,,,,,,,,,
,,,,,,,,,,,,,,,,,,,,,,,,
,,,,,,,,,,,,,,,,,,,,,,,,
,,,,,,,,,,,,,,,,,,,,,,,,
,,,,,,,,,,,,,,,,,,,,,,,,
,,,,,,,,,,,,,,,,,,,,,,,,
,,,,,,,,,,,,,,,,,,,,,,,,
,,,,,,,,,,,,,,,,,,,,,,,,
,,,,,,,,,,,,,,,,,,,,,,,,
,,,,,,,,,,,,,,,,,,,,,,,,
,,,,,,,,,,,,,,,,,,,,,,,,
,,,,,,,,,,,,,,,,,,,,,,,,
,,,,,,,,,,,,,,,,,,,,,,,,
,,,,,,,,,,,,,,,,,,,,,,,,
,,,,,,,,,,,,,,,,,,,,,,,,
,,,,,,,,,,,,,,,,,,,,,,,,
,,,,,,,,,,,,,,,,,,,,,,,,
,,,,,,,,,,,,,,,,,,,,,,,,
,,,,,,,,,,,,,,,,,,,,,,,,
,,,,,,,,,,,,,,,,,,,,,,,,
,,,,,,,,,,,,,,,,,,,,,,,,
,,,,,,,,,,,,,,,,,,,,,,,,
,,,,,,,,,,,,,,,,,,,,,,,,
,,,,,,,,,,,,,,,,,,,,,,,,
,,,,,,,,,,,,,,,,,,,,,,,,
,,,,,,,,,,,,,,,,,,,,,,,,
,,,,,,,,,,,,,,,,,,,,,,,,
,,,,,,,,,,,,,,,,,,,,,,,,
,,,,,,,,,,,,,,,,,,,,,,,,
,,,,,,,,,,,,,,,,,,,,,,,,
,,,,,,,,,,,,,,,,,,,,,,,,
,,,,,,,,,,,,,,,,,,,,,,,,
,,,,,,,,,,,,,,,,,,,,,,,,
,,,,,,,,,,,,,,,,,,,,,,,,
,,,,,,,,,,,,,,,,,,,,,,,,
,,,,,,,,,,,,,,,,,,,,,,,,
,,,,,,,,,,,,,,,,,,,,,,,,
,,,,,,,,,,,,,,,,,,,,,,,,
,,,,,,,,,,,,,,,,,,,,,,,,
,,,,,,,,,,,,,,,,,,,,,,,,
,,,,,,,,,,,,,,,,,,,,,,,,
,,,,,,,,,,,,,,,,,,,,,,,,
,,,,,,,,,,,,,,,,,,,,,,,,
,,,,,,,,,,,,,,,,,,,,,,,,
,,,,,,,,,,,,,,,,,,,,,,,,
,,,,,,,,,,,,,,,,,,,,,,,,
,,,,,,,,,,,,,,,,,,,,,,,,
,,,,,,,,,,,,,,,,,,,,,,,,
,,,,,,,,,,,,,,,,,,,,,,,,
,,,,,,,,,,,,,,,,,,,,,,,,
,,,,,,,,,,,,,,,,,,,,,,,,
,,,,,,,,,,,,,,,,,,,,,,,,
,,,,,,,,,,,,,,,,,,,,,,,,
,,,,,,,,,,,,,,,,,,,,,,,,
,,,,,,,,,,,,,,,,,,,,,,,,
,,,,,,,,,,,,,,,,,,,,,,,,
,,,,,,,,,,,,,,,,,,,,,,,,
,,,,,,,,,,,,,,,,,,,,,,,,
,,,,,,,,,,,,,,,,,,,,,,,,
,,,,,,,,,,,,,,,,,,,,,,,,
,,,,,,,,,,,,,,,,,,,,,,,,
,,,,,,,,,,,,,,,,,,,,,,,,
,,,,,,,,,,,,,,,,,,,,,,,,
,,,,,,,,,,,,,,,,,,,,,,,,
,,,,,,,,,,,,,,,,,,,,,,,,
,,,,,,,,,,,,,,,,,,,,,,,,
,,,,,,,,,,,,,,,,,,,,,,,,
,,,,,,,,,,,,,,,,,,,,,,,,
,,,,,,,,,,,,,,,,,,,,,,,,
,,,,,,,,,,,,,,,,,,,,,,,,
,,,,,,,,,,,,,,,,,,,,,,,,
,,,,,,,,,,,,,,,,,,,,,,,,
,,,,,,,,,,,,,,,,,,,,,,,,
,,,,,,,,,,,,,,,,,,,,,,,,
,,,,,,,,,,,,,,,,,,,,,,,,
,,,,,,,,,,,,,,,,,,,,,,,,
,,,,,,,,,,,,,,,,,,,,,,,,
,,,,,,,,,,,,,,,,,,,,,,,,
,,,,,,,,,,,,,,,,,,,,,,,,
,,,,,,,,,,,,,,,,,,,,,,,,
,,,,,,,,,,,,,,,,,,,,,,,,
,,,,,,,,,,,,,,,,,,,,,,,,
,,,,,,,,,,,,,,,,,,,,,,,,
,,,,,,,,,,,,,,,,,,,,,,,,
,,,,,,,,,,,,,,,,,,,,,,,,
,,,,,,,,,,,,,,,,,,,,,,,,
,,,,,,,,,,,,,,,,,,,,,,,,
,,,,,,,,,,,,,,,,,,,,,,,,
,,,,,,,,,,,,,,,,,,,,,,,,
,,,,,,,,,,,,,,,,,,,,,,,,
,,,,,,,,,,,,,,,,,,,,,,,,
,,,,,,,,,,,,,,,,,,,,,,,,
,,,,,,,,,,,,,,,,,,,,,,,,
,,,,,,,,,,,,,,,,,,,,,,,,
,,,,,,,,,,,,,,,,,,,,,,,,
,,,,,,,,,,,,,,,,,,,,,,,,
,,,,,,,,,,,,,,,,,,,,,,,,
,,,,,,,,,,,,,,,,,,,,,,,,
,,,,,,,,,,,,,,,,,,,,,,,,
,,,,,,,,,,,,,,,,,,,,,,,,
,,,,,,,,,,,,,,,,,,,,,,,,
,,,,,,,,,,,,,,,,,,,,,,,,
,,,,,,,,,,,,,,,,,,,,,,,,
,,,,,,,,,,,,,,,,,,,,,,,,
,,,,,,,,,,,,,,,,,,,,,,,,
,,,,,,,,,,,,,,,,,,,,,,,,
,,,,,,,,,,,,,,,,,,,,,,,,
,,,,,,,,,,,,,,,,,,,,,,,,
,,,,,,,,,,,,,,,,,,,,,,,,
,,,,,,,,,,,,,,,,,,,,,,,,
,,,,,,,,,,,,,,,,,,,,,,,,
,,,,,,,,,,,,,,,,,,,,,,,,
,,,,,,,,,,,,,,,,,,,,,,,,
,,,,,,,,,,,,,,,,,,,,,,,,
,,,,,,,,,,,,,,,,,,,,,,,,
,,,,,,,,,,,,,,,,,,,,,,,,
,,,,,,,,,,,,,,,,,,,,,,,,
,,,,,,,,,,,,,,,,,,,,,,,,
,,,,,,,,,,,,,,,,,,,,,,,,
,,,,,,,,,,,,,,,,,,,,,,,,
,,,,,,,,,,,,,,,,,,,,,,,,
,,,,,,,,,,,,,,,,,,,,,,,,
,,,,,,,,,,,,,,,,,,,,,,,,
,,,,,,,,,,,,,,,,,,,,,,,,
,,,,,,,,,,,,,,,,,,,,,,,,
,,,,,,,,,,,,,,,,,,,,,,,,
,,,,,,,,,,,,,,,,,,,,,,,,
,,,,,,,,,,,,,,,,,,,,,,,,
,,,,,,,,,,,,,,,,,,,,,,,,
,,,,,,,,,,,,,,,,,,,,,,,,
,,,,,,,,,,,,,,,,,,,,,,,,
,,,,,,,,,,,,,,,,,,,,,,,,
,,,,,,,,,,,,,,,,,,,,,,,,
,,,,,,,,,,,,,,,,,,,,,,,,
,,,,,,,,,,,,,,,,,,,,,,,,
,,,,,,,,,,,,,,,,,,,,,,,,
,,,,,,,,,,,,,,,,,,,,,,,,
,,,,,,,,,,,,,,,,,,,,,,,,
,,,,,,,,,,,,,,,,,,,,,,,,
,,,,,,,,,,,,,,,,,,,,,,,,
,,,,,,,,,,,,,,,,,,,,,,,,
,,,,,,,,,,,,,,,,,,,,,,,,
,,,,,,,,,,,,,,,,,,,,,,,,
,,,,,,,,,,,,,,,,,,,,,,,,
,,,,,,,,,,,,,,,,,,,,,,,,
,,,,,,,,,,,,,,,,,,,,,,,,
,,,,,,,,,,,,,,,,,,,,,,,,
,,,,,,,,,,,,,,,,,,,,,,,,
,,,,,,,,,,,,,,,,,,,,,,,,
,,,,,,,,,,,,,,,,,,,,,,,,
,,,,,,,,,,,,,,,,,,,,,,,,
,,,,,,,,,,,,,,,,,,,,,,,,
,,,,,,,,,,,,,,,,,,,,,,,,
,,,,,,,,,,,,,,,,,,,,,,,,
,,,,,,,,,,,,,,,,,,,,,,,,
,,,,,,,,,,,,,,,,,,,,,,,,
,,,,,,,,,,,,,,,,,,,,,,,,
,,,,,,,,,,,,,,,,,,,,,,,,
,,,,,,,,,,,,,,,,,,,,,,,,
,,,,,,,,,,,,,,,,,,,,,,,,
,,,,,,,,,,,,,,,,,,,,,,,,
,,,,,,,,,,,,,,,,,,,,,,,,
,,,,,,,,,,,,,,,,,,,,,,,,
,,,,,,,,,,,,,,,,,,,,,,,,
,,,,,,,,,,,,,,,,,,,,,,,,
,,,,,,,,,,,,,,,,,,,,,,,,
,,,,,,,,,,,,,,,,,,,,,,,,
,,,,,,,,,,,,,,,,,,,,,,,,
,,,,,,,,,,,,,,,,,,,,,,,,
,,,,,,,,,,,,,,,,,,,,,,,,
,,,,,,,,,,,,,,,,,,,,,,,,
,,,,,,,,,,,,,,,,,,,,,,,,
,,,,,,,,,,,,,,,,,,,,,,,,
,,,,,,,,,,,,,,,,,,,,,,,,
,,,,,,,,,,,,,,,,,,,,,,,,
,,,,,,,,,,,,,,,,,,,,,,,,
,,,,,,,,,,,,,,,,,,,,,,,,
,,,,,,,,,,,,,,,,,,,,,,,,
,,,,,,,,,,,,,,,,,,,,,,,,
,,,,,,,,,,,,,,,,,,,,,,,,
,,,,,,,,,,,,,,,,,,,,,,,,
,,,,,,,,,,,,,,,,,,,,,,,,
,,,,,,,,,,,,,,,,,,,,,,,,
,,,,,,,,,,,,,,,,,,,,,,,,
,,,,,,,,,,,,,,,,,,,,,,,,
,,,,,,,,,,,,,,,,,,,,,,,,
,,,,,,,,,,,,,,,,,,,,,,,,
,,,,,,,,,,,,,,,,,,,,,,,,
,,,,,,,,,,,,,,,,,,,,,,,,
,,,,,,,,,,,,,,,,,,,,,,,,
,,,,,,,,,,,,,,,,,,,,,,,,
,,,,,,,,,,,,,,,,,,,,,,,,
,,,,,,,,,,,,,,,,,,,,,,,,
,,,,,,,,,,,,,,,,,,,,,,,,
,,,,,,,,,,,,,,,,,,,,,,,,
,,,,,,,,,,,,,,,,,,,,,,,,
,,,,,,,,,,,,,,,,,,,,,,,,
,,,,,,,,,,,,,,,,,,,,,,,,
,,,,,,,,,,,,,,,,,,,,,,,,
,,,,,,,,,,,,,,,,,,,,,,,,
,,,,,,,,,,,,,,,,,,,,,,,,
,,,,,,,,,,,,,,,,,,,,,,,,
,,,,,,,,,,,,,,,,,,,,,,,,
,,,,,,,,,,,,,,,,,,,,,,,,
,,,,,,,,,,,,,,,,,,,,,,,,
,,,,,,,,,,,,,,,,,,,,,,,,
,,,,,,,,,,,,,,,,,,,,,,,,
,,,,,,,,,,,,,,,,,,,,,,,,
,,,,,,,,,,,,,,,,,,,,,,,,
,,,,,,,,,,,,,,,,,,,,,,,,
,,,,,,,,,,,,,,,,,,,,,,,,
,,,,,,,,,,,,,,,,,,,,,,,,
,,,,,,,,,,,,,,,,,,,,,,,,
,,,,,,,,,,,,,,,,,,,,,,,,
,,,,,,,,,,,,,,,,,,,,,,,,
,,,,,,,,,,,,,,,,,,,,,,,,
,,,,,,,,,,,,,,,,,,,,,,,,
,,,,,,,,,,,,,,,,,,,,,,,,
,,,,,,,,,,,,,,,,,,,,,,,,
,,,,,,,,,,,,,,,,,,,,,,,,
,,,,,,,,,,,,,,,,,,,,,,,,
,,,,,,,,,,,,,,,,,,,,,,,,
,,,,,,,,,,,,,,,,,,,,,,,,
,,,,,,,,,,,,,,,,,,,,,,,,
,,,,,,,,,,,,,,,,,,,,,,,,
,,,,,,,,,,,,,,,,,,,,,,,,
,,,,,,,,,,,,,,,,,,,,,,,,
,,,,,,,,,,,,,,,,,,,,,,,,
,,,,,,,,,,,,,,,,,,,,,,,,
,,,,,,,,,,,,,,,,,,,,,,,,
,,,,,,,,,,,,,,,,,,,,,,,,
,,,,,,,,,,,,,,,,,,,,,,,,
,,,,,,,,,,,,,,,,,,,,,,,,
,,,,,,,,,,,,,,,,,,,,,,,,
,,,,,,,,,,,,,,,,,,,,,,,,
,,,,,,,,,,,,,,,,,,,,,,,,
,,,,,,,,,,,,,,,,,,,,,,,,
,,,,,,,,,,,,,,,,,,,,,,,,
,,,,,,,,,,,,,,,,,,,,,,,,
,,,,,,,,,,,,,,,,,,,,,,,,
,,,,,,,,,,,,,,,,,,,,,,,,
,,,,,,,,,,,,,,,,,,,,,,,,
,,,,,,,,,,,,,,,,,,,,,,,,
,,,,,,,,,,,,,,,,,,,,,,,,
,,,,,,,,,,,,,,,,,,,,,,,,
,,,,,,,,,,,,,,,,,,,,,,,,
,,,,,,,,,,,,,,,,,,,,,,,,
,,,,,,,,,,,,,,,,,,,,,,,,
,,,,,,,,,,,,,,,,,,,,,,,,
,,,,,,,,,,,,,,,,,,,,,,,,
,,,,,,,,,,,,,,,,,,,,,,,,
,,,,,,,,,,,,,,,,,,,,,,,,
,,,,,,,,,,,,,,,,,,,,,,,,
,,,,,,,,,,,,,,,,,,,,,,,,
,,,,,,,,,,,,,,,,,,,,,,,,
,,,,,,,,,,,,,,,,,,,,,,,,
,,,,,,,,,,,,,,,,,,,,,,,,
,,,,,,,,,,,,,,,,,,,,,,,,
,,,,,,,,,,,,,,,,,,,,,,,,
,,,,,,,,,,,,,,,,,,,,,,,,
,,,,,,,,,,,,,,,,,,,,,,,,
,,,,,,,,,,,,,,,,,,,,,,,,
,,,,,,,,,,,,,,,,,,,,,,,,
,,,,,,,,,,,,,,,,,,,,,,,,
,,,,,,,,,,,,,,,,,,,,,,,,
,,,,,,,,,,,,,,,,,,,,,,,,
,,,,,,,,,,,,,,,,,,,,,,,,
,,,,,,,,,,,,,,,,,,,,,,,,
,,,,,,,,,,,,,,,,,,,,,,,,
,,,,,,,,,,,,,,,,,,,,,,,,
,,,,,,,,,,,,,,,,,,,,,,,,
,,,,,,,,,,,,,,,,,,,,,,,,
,,,,,,,,,,,,,,,,,,,,,,,,
,,,,,,,,,,,,,,,,,,,,,,,,
,,,,,,,,,,,,,,,,,,,,,,,,
,,,,,,,,,,,,,,,,,,,,,,,,
,,,,,,,,,,,,,,,,,,,,,,,,
,,,,,,,,,,,,,,,,,,,,,,,,
,,,,,,,,,,,,,,,,,,,,,,,,
,,,,,,,,,,,,,,,,,,,,,,,,
,,,,,,,,,,,,,,,,,,,,,,,,
,,,,,,,,,,,,,,,,,,,,,,,,
,,,,,,,,,,,,,,,,,,,,,,,,
,,,,,,,,,,,,,,,,,,,,,,,,
,,,,,,,,,,,,,,,,,,,,,,,,
,,,,,,,,,,,,,,,,,,,,,,,,
,,,,,,,,,,,,,,,,,,,,,,,,
,,,,,,,,,,,,,,,,,,,,,,,,
,,,,,,,,,,,,,,,,,,,,,,,,
,,,,,,,,,,,,,,,,,,,,,,,,
,,,,,,,,,,,,,,,,,,,,,,,,
,,,,,,,,,,,,,,,,,,,,,,,,
,,,,,,,,,,,,,,,,,,,,,,,,
,,,,,,,,,,,,,,,,,,,,,,,,
,,,,,,,,,,,,,,,,,,,,,,,,
,,,,,,,,,,,,,,,,,,,,,,,,
,,,,,,,,,,,,,,,,,,,,,,,,
,,,,,,,,,,,,,,,,,,,,,,,,
,,,,,,,,,,,,,,,,,,,,,,,,
,,,,,,,,,,,,,,,,,,,,,,,,
,,,,,,,,,,,,,,,,,,,,,,,,
,,,,,,,,,,,,,,,,,,,,,,,,
,,,,,,,,,,,,,,,,,,,,,,,,
,,,,,,,,,,,,,,,,,,,,,,,,
,,,,,,,,,,,,,,,,,,,,,,,,
,,,,,,,,,,,,,,,,,,,,,,,,
,,,,,,,,,,,,,,,,,,,,,,,,
,,,,,,,,,,,,,,,,,,,,,,,,
,,,,,,,,,,,,,,,,,,,,,,,,
,,,,,,,,,,,,,,,,,,,,,,,,
,,,,,,,,,,,,,,,,,,,,,,,,
,,,,,,,,,,,,,,,,,,,,,,,,
,,,,,,,,,,,,,,,,,,,,,,,,
,,,,,,,,,,,,,,,,,,,,,,,,
,,,,,,,,,,,,,,,,,,,,,,,,
,,,,,,,,,,,,,,,,,,,,,,,,
,,,,,,,,,,,,,,,,,,,,,,,,
,,,,,,,,,,,,,,,,,,,,,,,,
,,,,,,,,,,,,,,,,,,,,,,,,
,,,,,,,,,,,,,,,,,,,,,,,,
,,,,,,,,,,,,,,,,,,,,,,,,
,,,,,,,,,,,,,,,,,,,,,,,,
,,,,,,,,,,,,,,,,,,,,,,,,
,,,,,,,,,,,,,,,,,,,,,,,,
,,,,,,,,,,,,,,,,,,,,,,,,
,,,,,,,,,,,,,,,,,,,,,,,,
,,,,,,,,,,,,,,,,,,,,,,,,
,,,,,,,,,,,,,,,,,,,,,,,,
,,,,,,,,,,,,,,,,,,,,,,,,
,,,,,,,,,,,,,,,,,,,,,,,,
,,,,,,,,,,,,,,,,,,,,,,,,
,,,,,,,,,,,,,,,,,,,,,,,,
,,,,,,,,,,,,,,,,,,,,,,,,
,,,,,,,,,,,,,,,,,,,,,,,,
,,,,,,,,,,,,,,,,,,,,,,,,
,,,,,,,,,,,,,,,,,,,,,,,,
,,,,,,,,,,,,,,,,,,,,,,,,
,,,,,,,,,,,,,,,,,,,,,,,,
,,,,,,,,,,,,,,,,,,,,,,,,
,,,,,,,,,,,,,,,,,,,,,,,,
,,,,,,,,,,,,,,,,,,,,,,,,
,,,,,,,,,,,,,,,,,,,,,,,,
,,,,,,,,,,,,,,,,,,,,,,,,
,,,,,,,,,,,,,,,,,,,,,,,,
,,,,,,,,,,,,,,,,,,,,,,,,
,,,,,,,,,,,,,,,,,,,,,,,,
,,,,,,,,,,,,,,,,,,,,,,,,
,,,,,,,,,,,,,,,,,,,,,,,,
,,,,,,,,,,,,,,,,,,,,,,,,
,,,,,,,,,,,,,,,,,,,,,,,,
,,,,,,,,,,,,,,,,,,,,,,,,
,,,,,,,,,,,,,,,,,,,,,,,,
,,,,,,,,,,,,,,,,,,,,,,,,
,,,,,,,,,,,,,,,,,,,,,,,,
,,,,,,,,,,,,,,,,,,,,,,,,
,,,,,,,,,,,,,,,,,,,,,,,,
,,,,,,,,,,,,,,,,,,,,,,,,
,,,,,,,,,,,,,,,,,,,,,,,,
,,,,,,,,,,,,,,,,,,,,,,,,
,,,,,,,,,,,,,,,,,,,,,,,,
,,,,,,,,,,,,,,,,,,,,,,,,
,,,,,,,,,,,,,,,,,,,,,,,,
,,,,,,,,,,,,,,,,,,,,,,,,
,,,,,,,,,,,,,,,,,,,,,,,,
,,,,,,,,,,,,,,,,,,,,,,,,
,,,,,,,,,,,,,,,,,,,,,,,,
,,,,,,,,,,,,,,,,,,,,,,,,
,,,,,,,,,,,,,,,,,,,,,,,,
,,,,,,,,,,,,,,,,,,,,,,,,
,,,,,,,,,,,,,,,,,,,,,,,,
,,,,,,,,,,,,,,,,,,,,,,,,
,,,,,,,,,,,,,,,,,,,,,,,,
,,,,,,,,,,,,,,,,,,,,,,,,
,,,,,,,,,,,,,,,,,,,,,,,,
,,,,,,,,,,,,,,,,,,,,,,,,
,,,,,,,,,,,,,,,,,,,,,,,,
,,,,,,,,,,,,,,,,,,,,,,,,
,,,,,,,,,,,,,,,,,,,,,,,,
,,,,,,,,,,,,,,,,,,,,,,,,
,,,,,,,,,,,,,,,,,,,,,,,,
,,,,,,,,,,,,,,,,,,,,,,,,
,,,,,,,,,,,,,,,,,,,,,,,,
,,,,,,,,,,,,,,,,,,,,,,,,
,,,,,,,,,,,,,,,,,,,,,,,,
,,,,,,,,,,,,,,,,,,,,,,,,
,,,,,,,,,,,,,,,,,,,,,,,,
,,,,,,,,,,,,,,,,,,,,,,,,
,,,,,,,,,,,,,,,,,,,,,,,,
,,,,,,,,,,,,,,,,,,,,,,,,
,,,,,,,,,,,,,,,,,,,,,,,,
,,,,,,,,,,,,,,,,,,,,,,,,
,,,,,,,,,,,,,,,,,,,,,,,,
,,,,,,,,,,,,,,,,,,,,,,,,
,,,,,,,,,,,,,,,,,,,,,,,,
,,,,,,,,,,,,,,,,,,,,,,,,
,,,,,,,,,,,,,,,,,,,,,,,,
,,,,,,,,,,,,,,,,,,,,,,,,
,,,,,,,,,,,,,,,,,,,,,,,,
,,,,,,,,,,,,,,,,,,,,,,,,
,,,,,,,,,,,,,,,,,,,,,,,,
,,,,,,,,,,,,,,,,,,,,,,,,
,,,,,,,,,,,,,,,,,,,,,,,,
,,,,,,,,,,,,,,,,,,,,,,,,
,,,,,,,,,,,,,,,,,,,,,,,,
,,,,,,,,,,,,,,,,,,,,,,,,
,,,,,,,,,,,,,,,,,,,,,,,,
,,,,,,,,,,,,,,,,,,,,,,,,
,,,,,,,,,,,,,,,,,,,,,,,,
,,,,,,,,,,,,,,,,,,,,,,,,
,,,,,,,,,,,,,,,,,,,,,,,,
,,,,,,,,,,,,,,,,,,,,,,,,
,,,,,,,,,,,,,,,,,,,,,,,,
,,,,,,,,,,,,,,,,,,,,,,,,
,,,,,,,,,,,,,,,,,,,,,,,,
,,,,,,,,,,,,,,,,,,,,,,,,
,,,,,,,,,,,,,,,,,,,,,,,,
,,,,,,,,,,,,,,,,,,,,,,,,
,,,,,,,,,,,,,,,,,,,,,,,,
